{"type":"FeatureCollection","attribution":"© OpenStreetMap contributors, ODbL 1.0","generatedAt":"2026-08-30T06:22:09.489Z","query":"Chiba Prefecture (JP-12), shop=mall|department_store","features":[{"type":"Feature","id":"node/627624637","geometry":{"type":"Point","coordinates":[139.8987068,35.7822185]},"properties":{"osmType":"node","osmId":627624637,"center":[139.8987068,35.7822185],"name":"KITE MITE MATSIDO","nameEn":"","shop":"mall","brand":"","branch":"","address":"千葉県松戸市松戸13071","postcode":"271-0092","openingHours":"","phone":"","website":"","wheelchair":"","buildingLevels":null,"areaSqm":null}},{"type":"Feature","id":"node/1097708412","geometry":{"type":"Point","coordinates":[139.9844508,35.7024266]},"properties":{"osmType":"node","osmId":1097708412,"center":[139.9844508,35.7024266],"name":"東武百貨店","nameEn":"Tobu Department Store","shop":"mall","brand":"","branch":"船橋店","address":"千葉県船橋市本町七丁目1","postcode":"","openingHours":"","phone":"","website":"","wheelchair":"yes","buildingLevels":null,"areaSqm":null}},{"type":"Feature","id":"node/1097708414","geometry":{"type":"Point","coordinates":[139.9854272,35.7020171]},"properties":{"osmType":"node","osmId":1097708414,"center":[139.9854272,35.7020171],"name":"シャポー","nameEn":"","shop":"mall","brand":"","branch":"","address":"千葉県船橋市本町七丁目11","postcode":"","openingHours":"","phone":"","website":"","wheelchair":"","buildingLevels":null,"areaSqm":null}},{"type":"Feature","id":"node/1883399310","geometry":{"type":"Point","coordinates":[139.9008782,34.9990111]},"properties":{"osmType":"node","osmId":1883399310,"center":[139.9008782,34.9990111],"name":"スーパーリサイクル","nameEn":"Super Recycle","shop":"department_store","brand":"","branch":"","address":"","postcode":"","openingHours":"","phone":"","website":"","wheelchair":"","buildingLevels":null,"areaSqm":null}},{"type":"Feature","id":"node/2127173410","geometry":{"type":"Point","coordinates":[139.9516436,35.8941]},"properties":{"osmType":"node","osmId":2127173410,"center":[139.9516436,35.8941],"name":"無印良品","nameEn":"Muji","shop":"department_store","brand":"無印良品","branch":"","address":"","postcode":"","openingHours":"","phone":"","website":"","wheelchair":"","buildingLevels":null,"areaSqm":null}},{"type":"Feature","id":"node/2323862114","geometry":{"type":"Point","coordinates":[140.095069,35.6365989]},"properties":{"osmType":"node","osmId":2323862114,"center":[140.095069,35.6365989],"name":"イオン","nameEn":"AEON","shop":"department_store","brand":"","branch":"稲毛店","address":"千葉県千葉市稲毛区小仲台一丁目42","postcode":"","openingHours":"","phone":"","website":"","wheelchair":"","buildingLevels":null,"areaSqm":null}},{"type":"Feature","id":"node/2323908761","geometry":{"type":"Point","coordinates":[139.9690588,35.882747]},"properties":{"osmType":"node","osmId":2323908761,"center":[139.9690588,35.882747],"name":"モラージュ柏","nameEn":"","shop":"mall","brand":"","branch":"","address":"","postcode":"","openingHours":"","phone":"","website":"","wheelchair":"","buildingLevels":null,"areaSqm":null}},{"type":"Feature","id":"node/2325119966","geometry":{"type":"Point","coordinates":[139.9711605,35.8630372]},"properties":{"osmType":"node","osmId":2325119966,"center":[139.9711605,35.8630372],"name":"高島屋","nameEn":"TAKASHIMAYA","shop":"department_store","brand":"高島屋","branch":"","address":"","postcode":"","openingHours":"","phone":"+81 4 7144 1111","website":"","wheelchair":"","buildingLevels":null,"areaSqm":null}},{"type":"Feature","id":"node/3123975232","geometry":{"type":"Point","coordinates":[139.9862129,35.6989435]},"properties":{"osmType":"node","osmId":3123975232,"center":[139.9862129,35.6989435],"name":"Stage Funabashi","nameEn":"","shop":"mall","brand":"","branch":"","address":"","postcode":"","openingHours":"","phone":"","website":"","wheelchair":"","buildingLevels":null,"areaSqm":null}},{"type":"Feature","id":"node/3125661580","geometry":{"type":"Point","coordinates":[140.1625526,35.8031947]},"properties":{"osmType":"node","osmId":3125661580,"center":[140.1625526,35.8031947],"name":"BIGHOPガーデンモール印西","nameEn":"Big Hop Garden Mall Inzai","shop":"mall","brand":"","branch":"","address":"","postcode":"","openingHours":"","phone":"","website":"","wheelchair":"","buildingLevels":null,"areaSqm":null}},{"type":"Feature","id":"node/3125661625","geometry":{"type":"Point","coordinates":[140.11227,35.802322]},"properties":{"osmType":"node","osmId":3125661625,"center":[140.11227,35.802322],"name":"イオン","nameEn":"Aeon","shop":"mall","brand":"","branch":"","address":"","postcode":"","openingHours":"","phone":"","website":"","wheelchair":"yes","buildingLevels":null,"areaSqm":null}},{"type":"Feature","id":"node/3125661626","geometry":{"type":"Point","coordinates":[140.1633453,35.8059134]},"properties":{"osmType":"node","osmId":3125661626,"center":[140.1633453,35.8059134],"name":"牧の原モア","nameEn":"Makinohara More","shop":"mall","brand":"","branch":"","address":"","postcode":"","openingHours":"","phone":"","website":"","wheelchair":"","buildingLevels":null,"areaSqm":null}},{"type":"Feature","id":"node/3200910531","geometry":{"type":"Point","coordinates":[140.12857,35.656324]},"properties":{"osmType":"node","osmId":3200910531,"center":[140.12857,35.656324],"name":"フレスポ稲毛","nameEn":"Frespo East Mall","shop":"mall","brand":"","branch":"","address":"","postcode":"","openingHours":"","phone":"","website":"","wheelchair":"","buildingLevels":null,"areaSqm":null}},{"type":"Feature","id":"node/3322270863","geometry":{"type":"Point","coordinates":[140.1139932,35.6111109]},"properties":{"osmType":"node","osmId":3322270863,"center":[140.1139932,35.6111109],"name":"センシティビルディング千葉そごう","nameEn":"","shop":"department_store","brand":"","branch":"","address":"","postcode":"","openingHours":"","phone":"","website":"","wheelchair":"","buildingLevels":null,"areaSqm":null}},{"type":"Feature","id":"node/3322270864","geometry":{"type":"Point","coordinates":[140.1152849,35.6107306]},"properties":{"osmType":"node","osmId":3322270864,"center":[140.1152849,35.6107306],"name":"オーロラモールジュンヌ（千葉そごう）","nameEn":"","shop":"department_store","brand":"","branch":"","address":"","postcode":"","openingHours":"","phone":"","website":"","wheelchair":"","buildingLevels":null,"areaSqm":null}},{"type":"Feature","id":"node/4255656789","geometry":{"type":"Point","coordinates":[140.1132942,35.6115022]},"properties":{"osmType":"node","osmId":4255656789,"center":[140.1132942,35.6115022],"name":"千葉 Loft","nameEn":"","shop":"department_store","brand":"","branch":"","address":"","postcode":"","openingHours":"","phone":"","website":"","wheelchair":"","buildingLevels":null,"areaSqm":null}},{"type":"Feature","id":"node/4278202980","geometry":{"type":"Point","coordinates":[140.1970361,35.8373668]},"properties":{"osmType":"node","osmId":4278202980,"center":[140.1970361,35.8373668],"name":"自販機３台","nameEn":"","shop":"mall","brand":"","branch":"","address":"","postcode":"","openingHours":"","phone":"","website":"","wheelchair":"","buildingLevels":null,"areaSqm":null}},{"type":"Feature","id":"node/4355640975","geometry":{"type":"Point","coordinates":[140.8640879,35.7407641]},"properties":{"osmType":"node","osmId":4355640975,"center":[140.8640879,35.7407641],"name":"ウオッセ21","nameEn":"Wosse 21","shop":"mall","brand":"","branch":"","address":"","postcode":"","openingHours":"Mo-Fr 09:00-16:00; Sa-Su 09:00-17:00","phone":"","website":"","wheelchair":"","buildingLevels":null,"areaSqm":null}},{"type":"Feature","id":"node/4847894421","geometry":{"type":"Point","coordinates":[139.9351224,35.4352129]},"properties":{"osmType":"node","osmId":4847894421,"center":[139.9351224,35.4352129],"name":"三井アウトレットパーク","nameEn":"","shop":"department_store","brand":"","branch":"","address":"","postcode":"","openingHours":"","phone":"","website":"","wheelchair":"","buildingLevels":null,"areaSqm":null}},{"type":"Feature","id":"node/5825051980","geometry":{"type":"Point","coordinates":[139.9349539,35.7574993]},"properties":{"osmType":"node","osmId":5825051980,"center":[139.9349539,35.7574993],"name":"梨香台ショッピングセンター","nameEn":"","shop":"mall","brand":"","branch":"","address":"","postcode":"","openingHours":"","phone":"","website":"","wheelchair":"","buildingLevels":null,"areaSqm":null}},{"type":"Feature","id":"node/6140792988","geometry":{"type":"Point","coordinates":[139.9274963,35.7213619]},"properties":{"osmType":"node","osmId":6140792988,"center":[139.9274963,35.7213619],"name":"パティオ本八幡","nameEn":"","shop":"mall","brand":"","branch":"","address":"","postcode":"","openingHours":"","phone":"","website":"","wheelchair":"yes","buildingLevels":null,"areaSqm":null}},{"type":"Feature","id":"node/6180845586","geometry":{"type":"Point","coordinates":[140.8673671,35.7076689]},"properties":{"osmType":"node","osmId":6180845586,"center":[140.8673671,35.7076689],"name":"Inubow Terasu Terrace","nameEn":"","shop":"mall","brand":"","branch":"","address":"","postcode":"","openingHours":"","phone":"","website":"","wheelchair":"limited","buildingLevels":null,"areaSqm":null}},{"type":"Feature","id":"node/8891849225","geometry":{"type":"Point","coordinates":[139.9792684,35.7196003]},"properties":{"osmType":"node","osmId":8891849225,"center":[139.9792684,35.7196003],"name":"フォルテ船橋","nameEn":"","shop":"mall","brand":"","branch":"","address":"","postcode":"","openingHours":"","phone":"","website":"","wheelchair":"","buildingLevels":null,"areaSqm":null}},{"type":"Feature","id":"node/9327943361","geometry":{"type":"Point","coordinates":[139.9536256,35.8959829]},"properties":{"osmType":"node","osmId":9327943361,"center":[139.9536256,35.8959829],"name":"KOIL LINK GARAGE","nameEn":"","shop":"mall","brand":"","branch":"","address":"千葉県柏市正連寺","postcode":"277-0814","openingHours":"Mo-Su 08:00-21:00","phone":"","website":"","wheelchair":"","buildingLevels":null,"areaSqm":null}},{"type":"Feature","id":"node/9521824493","geometry":{"type":"Point","coordinates":[139.9508691,35.901752]},"properties":{"osmType":"node","osmId":9521824493,"center":[139.9508691,35.901752],"name":"KOIL 16 Ichiroku Gate","nameEn":"","shop":"mall","brand":"","branch":"","address":"","postcode":"","openingHours":"","phone":"","website":"","wheelchair":"","buildingLevels":null,"areaSqm":null}},{"type":"Feature","id":"node/9641584389","geometry":{"type":"Point","coordinates":[140.1085955,35.1097722]},"properties":{"osmType":"node","osmId":9641584389,"center":[140.1085955,35.1097722],"name":"潮騒市場","nameEn":"","shop":"mall","brand":"","branch":"","address":"千葉県鴨川市広場777","postcode":"296-0044","openingHours":"","phone":"","website":"http://www.shiosaiichiba.co.jp/","wheelchair":"","buildingLevels":null,"areaSqm":null}},{"type":"Feature","id":"node/9833440379","geometry":{"type":"Point","coordinates":[140.0133192,35.8321289]},"properties":{"osmType":"node","osmId":9833440379,"center":[140.0133192,35.8321289],"name":"ロフト","nameEn":"Loft","shop":"department_store","brand":"ロフト","branch":"","address":"","postcode":"","openingHours":"","phone":"","website":"","wheelchair":"","buildingLevels":null,"areaSqm":null}},{"type":"Feature","id":"node/9833440387","geometry":{"type":"Point","coordinates":[140.0133455,35.8339421]},"properties":{"osmType":"node","osmId":9833440387,"center":[140.0133455,35.8339421],"name":"無印良品","nameEn":"Muji","shop":"department_store","brand":"無印良品","branch":"","address":"","postcode":"","openingHours":"","phone":"","website":"","wheelchair":"","buildingLevels":null,"areaSqm":null}},{"type":"Feature","id":"node/9936058731","geometry":{"type":"Point","coordinates":[140.3183739,35.6621441]},"properties":{"osmType":"node","osmId":9936058731,"center":[140.3183739,35.6621441],"name":"秋山百貨店","nameEn":"","shop":"department_store","brand":"","branch":"","address":"","postcode":"","openingHours":"","phone":"","website":"","wheelchair":"","buildingLevels":null,"areaSqm":null}},{"type":"Feature","id":"node/9952119744","geometry":{"type":"Point","coordinates":[140.552178,35.7005924]},"properties":{"osmType":"node","osmId":9952119744,"center":[140.552178,35.7005924],"name":"Beauty Life Sophia","nameEn":"","shop":"department_store","brand":"","branch":"","address":"","postcode":"","openingHours":"","phone":"","website":"","wheelchair":"","buildingLevels":null,"areaSqm":null}},{"type":"Feature","id":"node/10074496296","geometry":{"type":"Point","coordinates":[139.9266614,35.8710545]},"properties":{"osmType":"node","osmId":10074496296,"center":[139.9266614,35.8710545],"name":"ロフト","nameEn":"Loft","shop":"department_store","brand":"ロフト","branch":"","address":"","postcode":"","openingHours":"","phone":"","website":"","wheelchair":"","buildingLevels":null,"areaSqm":null}},{"type":"Feature","id":"node/10660765892","geometry":{"type":"Point","coordinates":[140.4858648,35.6600925]},"properties":{"osmType":"node","osmId":10660765892,"center":[140.4858648,35.6600925],"name":"ピアシティ横芝光","nameEn":"PIA CITY Tokoshibahikari","shop":"mall","brand":"","branch":"","address":"","postcode":"","openingHours":"","phone":"","website":"","wheelchair":"","buildingLevels":null,"areaSqm":null}},{"type":"Feature","id":"node/11146056038","geometry":{"type":"Point","coordinates":[140.0542621,35.6569701]},"properties":{"osmType":"node","osmId":11146056038,"center":[140.0542621,35.6569701],"name":"マックスバリュ幕張店","nameEn":"","shop":"mall","brand":"マックスバリュ","branch":"","address":"","postcode":"","openingHours":"","phone":"","website":"","wheelchair":"","buildingLevels":null,"areaSqm":null}},{"type":"Feature","id":"node/11282261466","geometry":{"type":"Point","coordinates":[140.3852783,35.760756]},"properties":{"osmType":"node","osmId":11282261466,"center":[140.3852783,35.760756],"name":"Duty Free","nameEn":"","shop":"department_store","brand":"Duty Free","branch":"","address":"","postcode":"","openingHours":"","phone":"","website":"","wheelchair":"no","buildingLevels":null,"areaSqm":null}},{"type":"Feature","id":"node/11669122024","geometry":{"type":"Point","coordinates":[140.1560476,35.7225417]},"properties":{"osmType":"node","osmId":11669122024,"center":[140.1560476,35.7225417],"name":"三越","nameEn":"","shop":"department_store","brand":"","branch":"","address":"千葉県佐倉市ユーカリが丘四丁目11","postcode":"285-0858","openingHours":"","phone":"","website":"","wheelchair":"","buildingLevels":null,"areaSqm":null}},{"type":"Feature","id":"node/11671066397","geometry":{"type":"Point","coordinates":[140.1820146,35.7289416]},"properties":{"osmType":"node","osmId":11671066397,"center":[140.1820146,35.7289416],"name":"三越","nameEn":"","shop":"department_store","brand":"","branch":"","address":"","postcode":"","openingHours":"","phone":"","website":"","wheelchair":"","buildingLevels":null,"areaSqm":null}},{"type":"Feature","id":"node/12206384668","geometry":{"type":"Point","coordinates":[140.1173267,35.8015498]},"properties":{"osmType":"node","osmId":12206384668,"center":[140.1173267,35.8015498],"name":"アルカサール","nameEn":"","shop":"mall","brand":"","branch":"","address":"","postcode":"","openingHours":"","phone":"","website":"","wheelchair":"","buildingLevels":null,"areaSqm":null}},{"type":"Feature","id":"node/12730043643","geometry":{"type":"Point","coordinates":[140.3031363,35.4262114]},"properties":{"osmType":"node","osmId":12730043643,"center":[140.3031363,35.4262114],"name":"三越","nameEn":"","shop":"department_store","brand":"","branch":"","address":"","postcode":"","openingHours":"","phone":"","website":"","wheelchair":"","buildingLevels":null,"areaSqm":null}},{"type":"Feature","id":"way/26209846","geometry":{"type":"Polygon","coordinates":[[[140.1776683,35.5620355],[140.1777361,35.5620238],[140.1777846,35.5619953],[140.1781805,35.5616412],[140.1782145,35.5616479],[140.1782546,35.5616467],[140.1782894,35.5616368],[140.178339,35.5616192],[140.1783726,35.5615842],[140.1783967,35.5615422],[140.178394,35.5614959],[140.1783788,35.5614535],[140.1783488,35.5614242],[140.1783147,35.5614064],[140.178274,35.5613995],[140.1782336,35.5614032],[140.1781852,35.5613937],[140.1773282,35.5607151],[140.176641,35.5612929],[140.1774912,35.5619638],[140.1775905,35.5620182],[140.1776683,35.5620355]]]},"properties":{"osmType":"way","osmId":26209846,"center":[140.17751885,35.5613753],"name":"ゆみ～る鎌取ショッピングセンター","nameEn":"","shop":"mall","brand":"","branch":"","address":"","postcode":"","openingHours":"","phone":"","website":"https://www.aeon.jp/sc/yumiru-kamatori/","wheelchair":"","buildingLevels":7,"areaSqm":11625}},{"type":"Feature","id":"way/26322912","geometry":{"type":"Polygon","coordinates":[[[139.9150522,35.6497247],[139.9157888,35.6491325],[139.9152915,35.6487255],[139.9153385,35.6486841],[139.9146258,35.6480918],[139.9142354,35.6483938],[139.9140056,35.648575],[139.9140012,35.649068],[139.9149167,35.6498328],[139.9150522,35.6497247]]]},"properties":{"osmType":"way","osmId":26322912,"center":[139.914895,35.6489623],"name":"イオン新浦安ショッピングセンター","nameEn":"","shop":"mall","brand":"","branch":"","address":"千葉県浦安市入船14-1","postcode":"279-0012","openingHours":"","phone":"","website":"https://www.aeon.jp/sc/shinurayasu/","wheelchair":"","buildingLevels":8,"areaSqm":17180}},{"type":"Feature","id":"way/28573572","geometry":{"type":"Polygon","coordinates":[[[139.9501185,35.8942874],[139.9500967,35.8942419],[139.9500782,35.8942335],[139.9501232,35.8939542],[139.9502471,35.8932498],[139.9503184,35.8928504],[139.9504217,35.892309],[139.9505493,35.8922059],[139.9512642,35.8921668],[139.952014,35.8920746],[139.9521033,35.8923552],[139.9520685,35.8923913],[139.9522218,35.8928853],[139.9521936,35.8929222],[139.9524097,35.8936865],[139.9518907,35.893788],[139.9520109,35.8942251],[139.9519573,35.8943062],[139.9514614,35.8943825],[139.9511782,35.8944179],[139.9509679,35.894431],[139.9505278,35.894403],[139.9501971,35.8943658],[139.9502034,35.8943335],[139.9501185,35.8942874]]]},"properties":{"osmType":"way","osmId":28573572,"center":[139.95124395,35.8932528],"name":"ららぽーと柏の葉","nameEn":"Lalaport Kashiwanoha","shop":"department_store","brand":"","branch":"","address":"","postcode":"","openingHours":"10:00-21:00","phone":"","website":"","wheelchair":"","buildingLevels":null,"areaSqm":42303}},{"type":"Feature","id":"way/41234628","geometry":{"type":"Polygon","coordinates":[[[139.9205376,35.7921813],[139.9202832,35.7917454],[139.9201307,35.7915967],[139.9198897,35.7911948],[139.9199166,35.7911548],[139.9210837,35.7909751],[139.92141,35.7916059],[139.9211957,35.7916798],[139.9214271,35.7921679],[139.9212767,35.7921968],[139.9210966,35.7922064],[139.9209968,35.7922056],[139.9208165,35.7922042],[139.9205376,35.7921813]]]},"properties":{"osmType":"way","osmId":41234628,"center":[139.92065839999998,35.79159075],"name":"グリーンマークシティ松戸新田","nameEn":"Green Mark City Matsudo-Shinden","shop":"mall","brand":"","branch":"","address":"","postcode":"","openingHours":"","phone":"","website":"","wheelchair":"","buildingLevels":null,"areaSqm":12625}},{"type":"Feature","id":"way/41969707","geometry":{"type":"Polygon","coordinates":[[[139.9021612,35.783836],[139.9019392,35.7833421],[139.9021189,35.7832909],[139.9020921,35.783217],[139.9022209,35.7831767],[139.9022571,35.7832507],[139.9022852,35.7832431],[139.9023496,35.7833747],[139.9024448,35.7833508],[139.9025239,35.7835281],[139.9025387,35.7835281],[139.9026165,35.7837065],[139.9021612,35.783836]]]},"properties":{"osmType":"way","osmId":41969707,"center":[139.90227785,35.783506349999996],"name":"プラーレ松戸","nameEn":"","shop":"mall","brand":"","branch":"","address":"","postcode":"","openingHours":"","phone":"","website":"","wheelchair":"","buildingLevels":6,"areaSqm":2481}},{"type":"Feature","id":"way/43942412","geometry":{"type":"Polygon","coordinates":[[[139.9021612,35.783836],[139.9023147,35.7842255],[139.9024113,35.7841967],[139.9023965,35.7841646],[139.9024126,35.7841591],[139.9024086,35.7841504],[139.9027533,35.7840471],[139.9026031,35.7837131],[139.9021612,35.783836]]]},"properties":{"osmType":"way","osmId":43942412,"center":[139.90245725,35.783969299999995],"name":"イトーヨーカドー","nameEn":"ITOYOKADO","shop":"mall","brand":"","branch":"","address":"","postcode":"","openingHours":"","phone":"","website":"","wheelchair":"yes","buildingLevels":6,"areaSqm":1770}},{"type":"Feature","id":"way/72645577","geometry":{"type":"Polygon","coordinates":[[[139.9938109,35.6872204],[139.9938245,35.6872535],[139.9938414,35.6872947],[139.9940063,35.6872038],[139.9940625,35.6873289],[139.994092,35.6873202],[139.9942043,35.6875702],[139.9941763,35.6875785],[139.9942434,35.6877278],[139.9938607,35.6878413],[139.9938224,35.687756],[139.9926011,35.6881179],[139.9921906,35.6872041],[139.9921597,35.6871354],[139.9922692,35.687103],[139.9922351,35.6870271],[139.9935525,35.6866367],[139.9936522,35.6868586],[139.9938345,35.6868046],[139.9939938,35.6871593],[139.9938109,35.6872204]]]},"properties":{"osmType":"way","osmId":72645577,"center":[139.99320154999998,35.6873773],"name":"ららぽーと TOKYO−BAY North Gate","nameEn":"Lalaport TOKYO−BAY North Gate","shop":"mall","brand":"","branch":"","address":"","postcode":"","openingHours":"","phone":"","website":"","wheelchair":"","buildingLevels":4,"areaSqm":19169}},{"type":"Feature","id":"way/79824366","geometry":{"type":"Polygon","coordinates":[[[139.900397,35.7847071],[139.9004803,35.7846863],[139.9006845,35.7852531],[139.9007685,35.7854862],[139.900605,35.7855102],[139.9004619,35.7851678],[139.9003322,35.7848145],[139.9004253,35.7847895],[139.900397,35.7847071]]]},"properties":{"osmType":"way","osmId":79824366,"center":[139.90055035,35.78509825],"name":"アトレ松戸","nameEn":"atre Matsudo","shop":"mall","brand":"","branch":"","address":"千葉県松戸市松戸1181","postcode":"271-0092","openingHours":"","phone":"","website":"","wheelchair":"limited","buildingLevels":9,"areaSqm":1413}},{"type":"Feature","id":"way/94499940","geometry":{"type":"Polygon","coordinates":[[[139.9858423,35.7009731],[139.9859132,35.7006076],[139.9859053,35.7005042],[139.9857837,35.7004661],[139.9856192,35.7004146],[139.9855241,35.7003879],[139.9853801,35.7003923],[139.9850192,35.700606],[139.9850288,35.7006646],[139.9853807,35.7010123],[139.9856731,35.700992],[139.9857711,35.7009819],[139.9858423,35.7009731]]]},"properties":{"osmType":"way","osmId":94499940,"center":[139.98546620000002,35.700700100000006],"name":"船橋フェイスビル","nameEn":"","shop":"mall","brand":"","branch":"","address":"千葉県船橋市本町一丁目31","postcode":"","openingHours":"","phone":"","website":"","wheelchair":"","buildingLevels":14,"areaSqm":4088}},{"type":"Feature","id":"way/97767421","geometry":{"type":"Polygon","coordinates":[[[139.8848023,35.6346777],[139.8848089,35.6346998],[139.8848068,35.6347183],[139.884644,35.6347132],[139.8846291,35.6347285],[139.8846441,35.6347624],[139.884619,35.6347633],[139.8846183,35.634783],[139.8845183,35.6348171],[139.8845162,35.6348627],[139.8844874,35.6348601],[139.8844718,35.634913],[139.8844385,35.6349024],[139.8843838,35.6348808],[139.8843463,35.6349141],[139.8843278,35.6348939],[139.8843014,35.6348875],[139.884289,35.6348891],[139.8842687,35.6349214],[139.8841768,35.6349214],[139.8841755,35.6349327],[139.8841934,35.6349836],[139.8841389,35.635004],[139.8841018,35.6349977],[139.8840667,35.6350009],[139.8840233,35.6350089],[139.8839765,35.635027],[139.8839447,35.6350515],[139.8839205,35.6350844],[139.8839119,35.6351165],[139.8839099,35.6351479],[139.8839154,35.6351777],[139.883937,35.6352122],[139.8839644,35.6352408],[139.8839997,35.6352631],[139.883985,35.6352853],[139.8839815,35.6352981],[139.8839814,35.6353113],[139.8839854,35.6353257],[139.8839936,35.6353389],[139.8840096,35.635353],[139.8840301,35.6353623],[139.88405,35.6353659],[139.8840704,35.635365],[139.8840897,35.6353597],[139.8841028,35.6353521],[139.8841232,35.6353327],[139.8841306,35.6353137],[139.884129,35.6352828],[139.8841492,35.6352774],[139.8841892,35.6352647],[139.8842189,35.6352761],[139.8842355,35.6352747],[139.8842585,35.6352679],[139.8842806,35.6352491],[139.884296,35.6352185],[139.8842935,35.6351937],[139.8842797,35.635176],[139.8842602,35.6351703],[139.8842683,35.6351488],[139.8842708,35.6351293],[139.8842658,35.6351025],[139.8842542,35.6350871],[139.8842602,35.6350628],[139.8843027,35.6350827],[139.8843261,35.6350671],[139.8843499,35.6350693],[139.884374,35.635083],[139.8844195,35.6351229],[139.8844316,35.6351509],[139.884439,35.635168],[139.8844489,35.6351911],[139.8844623,35.6352483],[139.8844549,35.6352927],[139.8844368,35.6353224],[139.8844067,35.6353514],[139.8843662,35.6353784],[139.8843676,35.6353812],[139.8843679,35.6353842],[139.8843755,35.6353823],[139.8843869,35.6353777],[139.8844146,35.6353613],[139.884442,35.6353369],[139.8844537,35.6353236],[139.884496,35.6353351],[139.8855055,35.6350002],[139.8856076,35.6349667],[139.8856212,35.6349955],[139.8856744,35.6349838],[139.8858062,35.6349489],[139.8860345,35.6349222],[139.8865115,35.6347667],[139.8864441,35.6346878],[139.8864162,35.6346803],[139.886406,35.6346509],[139.88642,35.6346166],[139.8864225,35.6345593],[139.8863971,35.6344859],[139.8863309,35.6344131],[139.8862544,35.6343736],[139.8862641,35.6343572],[139.8862699,35.6343409],[139.8863577,35.6343632],[139.8864603,35.6343929],[139.8865709,35.6344001],[139.8866735,35.6343951],[139.8867582,35.6343791],[139.8868269,35.6343494],[139.8868849,35.6343943],[139.8869081,35.6343762],[139.8869527,35.6344052],[139.887156,35.6342457],[139.8871415,35.6342329],[139.8871116,35.6342064],[139.8871052,35.6342008],[139.8871462,35.6341735],[139.8871298,35.634159],[139.8871408,35.6341524],[139.8871222,35.6341375],[139.887114,35.6341309],[139.8871734,35.6340796],[139.8871506,35.6340605],[139.8871907,35.6340275],[139.8871576,35.6340048],[139.8871815,35.6339818],[139.8871606,35.633963],[139.8872022,35.6339338],[139.8871678,35.6339044],[139.8871902,35.6338891],[139.8871679,35.6338675],[139.8872075,35.6338371],[139.8871751,35.6338103],[139.8871961,35.6337934],[139.8871619,35.6337637],[139.8871643,35.633761],[139.8872162,35.6337283],[139.8871829,35.6336999],[139.887008,35.6335621],[139.8870158,35.6335513],[139.8869962,35.6335348],[139.8869845,35.6335212],[139.8869638,35.6335037],[139.8869504,35.6335164],[139.8869092,35.6334783],[139.8869326,35.6334648],[139.8869165,35.633447],[139.8869348,35.6334185],[139.8868802,35.6334203],[139.8868657,35.6334086],[139.8868467,35.6334213],[139.8868284,35.6334104],[139.8867999,35.633385],[139.8867676,35.6334149],[139.8867107,35.6333768],[139.8866873,35.6333886],[139.8864621,35.6332038],[139.8863947,35.6332459],[139.8863412,35.6332069],[139.8861809,35.6333352],[139.8861204,35.6333836],[139.8861198,35.6334563],[139.8861667,35.633505],[139.8861389,35.6335233],[139.886107,35.6334931],[139.8860822,35.6334692],[139.8860212,35.6334689],[139.8860229,35.6335188],[139.8860483,35.6335397],[139.8860801,35.6335704],[139.8860532,35.6335907],[139.8859919,35.6335345],[139.8859416,35.6335328],[139.8855493,35.6338439],[139.8855713,35.6338647],[139.8855555,35.6338759],[139.8855325,35.6338778],[139.8855042,35.6338834],[139.8854805,35.6338992],[139.8854682,35.6339282],[139.885476,35.6339627],[139.8855117,35.6339835],[139.885554,35.6339799],[139.8855708,35.633988],[139.8855474,35.6340126],[139.8857467,35.6341758],[139.8857462,35.6342059],[139.8857676,35.6342301],[139.8858032,35.6342381],[139.8858373,35.6342301],[139.8858529,35.6342114],[139.8858561,35.6341884],[139.8859351,35.6341861],[139.8859622,35.6341965],[139.8859637,35.6342128],[139.8859678,35.6342459],[139.885996,35.6342687],[139.8860297,35.6342756],[139.8860399,35.6342912],[139.8860483,35.6343153],[139.8860399,35.6343793],[139.8860202,35.6344107],[139.885999,35.6344258],[139.8859624,35.6344488],[139.885914,35.6344601],[139.8858431,35.6344563],[139.8857943,35.6344377],[139.8857542,35.6344143],[139.8857341,35.6343892],[139.8857204,35.6343623],[139.8857103,35.6343172],[139.8857209,35.6342731],[139.8856549,35.634256],[139.8856691,35.6342182],[139.8856323,35.6341975],[139.8855802,35.6341807],[139.885574,35.6341787],[139.8855742,35.6341721],[139.885514,35.6341524],[139.8854948,35.6341598],[139.8854313,35.6341414],[139.8854199,35.6341381],[139.8854205,35.634152],[139.8853996,35.6341525],[139.8853759,35.6341531],[139.8853411,35.6340897],[139.8852699,35.6341133],[139.8851995,35.6341365],[139.885146,35.6341542],[139.8851599,35.6341826],[139.8851293,35.6341916],[139.8851362,35.6342097],[139.8850847,35.6342324],[139.8850316,35.6342469],[139.8850348,35.6342553],[139.8850445,35.6342882],[139.8849939,35.6342814],[139.8849078,35.6343058],[139.8849316,35.6343262],[139.8849327,35.6343831],[139.8848982,35.6343854],[139.8848659,35.6343876],[139.8848659,35.6344012],[139.8848129,35.6343989],[139.8848115,35.6344374],[139.8847948,35.6344555],[139.8847613,35.6344623],[139.8847502,35.6345009],[139.8846833,35.6345179],[139.8846916,35.6345371],[139.8846693,35.6345428],[139.8845807,35.6346317],[139.8845405,35.6346357],[139.8845321,35.6346552],[139.8845123,35.634661],[139.8845063,35.634698],[139.8844909,35.6347195],[139.8844673,35.6347181],[139.8844362,35.634735],[139.8844012,35.6347304],[139.8843849,35.6347751],[139.8843529,35.634796],[139.8843794,35.6348399],[139.8844353,35.6348317],[139.8844333,35.6348057],[139.8844595,35.6348132],[139.8844751,35.6347991],[139.8844769,35.6347674],[139.8845344,35.6347655],[139.884549,35.634744],[139.8845694,35.6347374],[139.8845552,35.6347224],[139.8845682,35.6346981],[139.8845957,35.6347059],[139.8846218,35.6346636],[139.8847116,35.6346527],[139.8847215,35.634675],[139.8848023,35.6346777]]]},"properties":{"osmType":"way","osmId":97767421,"center":[139.88556305,35.634294],"name":"イクスピアリ","nameEn":"Ikspiari","shop":"mall","brand":"","branch":"","address":"千葉県浦安市舞浜14","postcode":"","openingHours":"Mo-Su 10:00-23:00","phone":"+81-47-305-2525","website":"","wheelchair":"","buildingLevels":4,"areaSqm":28983}},{"type":"Feature","id":"way/116447145","geometry":{"type":"Polygon","coordinates":[[[139.9126681,35.6486296],[139.9129838,35.6483757],[139.9130274,35.6484114],[139.913383,35.6486809],[139.9135091,35.6485959],[139.9136217,35.6486046],[139.9136405,35.6486264],[139.9136808,35.6486003],[139.9137317,35.6486395],[139.9137961,35.6486046],[139.9138685,35.6486635],[139.9138149,35.6487049],[139.9138685,35.6487594],[139.9138363,35.6487812],[139.9138739,35.6488139],[139.9138041,35.6488553],[139.9138229,35.6488989],[139.9138605,35.648912],[139.9138631,35.6489381],[139.913839,35.6489621],[139.9138068,35.6489599],[139.9137988,35.6490035],[139.9137746,35.6490406],[139.9137686,35.6490493],[139.9137478,35.6490798],[139.9136942,35.6491103],[139.9136375,35.6491313],[139.9135774,35.6491412],[139.9135136,35.6491385],[139.9134599,35.6491235],[139.9133079,35.6492445],[139.9133341,35.6492665],[139.9132801,35.6493093],[139.913254,35.6492875],[139.9129946,35.6494942],[139.9123772,35.6489948],[139.9126401,35.6487899],[139.9129431,35.6490536],[139.9129673,35.6490362],[139.9129646,35.6490122],[139.9129807,35.648997],[139.9129592,35.6489686],[139.9129726,35.6489599],[139.9130102,35.6489643],[139.913037,35.6489425],[139.9126681,35.6486296]]]},"properties":{"osmType":"way","osmId":116447145,"center":[139.91312555000002,35.64893495],"name":"MONA新浦安","nameEn":"","shop":"mall","brand":"","branch":"","address":"","postcode":"","openingHours":"","phone":"","website":"","wheelchair":"","buildingLevels":4,"areaSqm":8337}},{"type":"Feature","id":"way/121657290","geometry":{"type":"Polygon","coordinates":[[[140.4891486,35.9007733],[140.4897258,35.900393],[140.4891376,35.8998072],[140.4885604,35.9001875],[140.4891486,35.9007733]]]},"properties":{"osmType":"way","osmId":121657290,"center":[140.4891431,35.90029025],"name":"ショッピングモール　サワラ・シティ","nameEn":"Sawara City","shop":"mall","brand":"","branch":"","address":"","postcode":"","openingHours":"","phone":"","website":"","wheelchair":"","buildingLevels":null,"areaSqm":5640}},{"type":"Feature","id":"way/121820707","geometry":{"type":"Polygon","coordinates":[[[140.0260762,35.6906248],[140.0261344,35.6904284],[140.0261015,35.6904195],[140.0261962,35.6900491],[140.0261308,35.6896767],[140.0258447,35.6897041],[140.0254543,35.689807],[140.0254557,35.6898676],[140.025331,35.6898822],[140.0252106,35.6898956],[140.0250896,35.689927],[140.0250928,35.6899568],[140.024878,35.6899923],[140.0246922,35.6900949],[140.0244451,35.6901206],[140.0243717,35.6901458],[140.0242953,35.6901733],[140.024183,35.6902275],[140.0240336,35.6902431],[140.023734,35.690365],[140.0237117,35.6903344],[140.0235585,35.6903936],[140.0234683,35.6904313],[140.0233705,35.6904721],[140.0233006,35.6905309],[140.0233138,35.6905625],[140.0233261,35.6905918],[140.0234519,35.6908925],[140.0234552,35.6909004],[140.0251878,35.6907132],[140.0253994,35.690684],[140.025398,35.6907063],[140.0260762,35.6906248]]]},"properties":{"osmType":"way","osmId":121820707,"center":[140.0247484,35.69028855],"name":"イオンモール津田沼North","nameEn":"ÆON MALL TSUDANUMA NORTH","shop":"mall","brand":"","branch":"","address":"千葉県習志野市津田沼一丁目231","postcode":"2750016","openingHours":"","phone":"","website":"https://www.aeon.jp/sc/tsudanuma/","wheelchair":"","buildingLevels":5,"areaSqm":20108}},{"type":"Feature","id":"way/121887793","geometry":{"type":"Polygon","coordinates":[[[140.021704,35.6920699],[140.0220924,35.6917342],[140.0221072,35.6917425],[140.022126,35.6918542],[140.0221442,35.6919669],[140.0221803,35.6920643],[140.0222296,35.6921682],[140.0222801,35.6922695],[140.0223295,35.6923403],[140.0223751,35.6924057],[140.0223572,35.6924259],[140.0225242,35.692554],[140.0223941,35.6926674],[140.0224078,35.6926768],[140.022337,35.6927295],[140.0215894,35.6921683],[140.0216391,35.6921194],[140.021704,35.6920699]]]},"properties":{"osmType":"way","osmId":121887793,"center":[140.0220568,35.69223185],"name":"津田沼Viit","nameEn":"TSUDANUMA Viit","shop":"mall","brand":"","branch":"津田沼","address":"千葉県船橋市前原西二丁目191","postcode":"","openingHours":"10:00-20:00","phone":"+81-47-478-5555","website":"https://tsudanuma.parco.jp/","wheelchair":"","buildingLevels":6,"areaSqm":3682}},{"type":"Feature","id":"way/125584695","geometry":{"type":"Polygon","coordinates":[[[139.920558,35.7921686],[139.9204878,35.7920186],[139.9204689,35.7920244],[139.9203507,35.7917669],[139.9206717,35.7916627],[139.9208803,35.7920906],[139.9207423,35.7921328],[139.9207305,35.7921128],[139.920558,35.7921686]]]},"properties":{"osmType":"way","osmId":125584695,"center":[139.9206155,35.79191565],"name":"名称未登録","nameEn":"","shop":"mall","brand":"","branch":"","address":"","postcode":"","openingHours":"","phone":"","website":"","wheelchair":"","buildingLevels":2,"areaSqm":1538}},{"type":"Feature","id":"way/126894920","geometry":{"type":"Polygon","coordinates":[[[140.0910753,35.7008471],[140.0910322,35.7008088],[140.0908755,35.7006694],[140.0911436,35.7004706],[140.0914621,35.7002343],[140.0916553,35.7004063],[140.0917006,35.7003727],[140.0918832,35.7002373],[140.0921718,35.7000233],[140.0922601,35.6999578],[140.0922837,35.6999885],[140.0923945,35.699932],[140.0922109,35.6996943],[140.09231,35.6996438],[140.0924053,35.6995952],[140.092589,35.6998328],[140.0925685,35.6998434],[140.0925873,35.6998678],[140.0925555,35.6998839],[140.0925651,35.6998963],[140.0926367,35.6999889],[140.0926266,35.7000552],[140.0926131,35.700144],[140.0926077,35.7001796],[140.0925927,35.7002778],[140.0926667,35.7003323],[140.092576,35.7009273],[140.0924853,35.7009886],[140.092344,35.7009744],[140.0917109,35.7009107],[140.0911209,35.7008517],[140.0911076,35.7008503],[140.0910753,35.7008471]]]},"properties":{"osmType":"way","osmId":126894920,"center":[140.09177110000002,35.700291899999996],"name":"ユアエルム 八千代台店","nameEn":"YourELM Yachiyodai","shop":"mall","brand":"","branch":"","address":"","postcode":"","openingHours":"","phone":"","website":"https://www.yourelm.co.jp/yachiyodai/","wheelchair":"","buildingLevels":null,"areaSqm":12365}},{"type":"Feature","id":"way/141031822","geometry":{"type":"Polygon","coordinates":[[[139.9368309,35.7083573],[139.9369328,35.7086579],[139.9375468,35.7085381],[139.9376141,35.7087232],[139.9379681,35.7086579],[139.9380915,35.7090891],[139.9380188,35.7091044],[139.9380939,35.7093962],[139.9373566,35.7095291],[139.9372464,35.7091756],[139.9364022,35.7093386],[139.9363341,35.7093518],[139.9360885,35.7085006],[139.9368309,35.7083573]]]},"properties":{"osmType":"way","osmId":141031822,"center":[139.9370912,35.7089432],"name":"SHOPS","nameEn":"","shop":"mall","brand":"","branch":"","address":"鬼高三丁目2816","postcode":"","openingHours":"","phone":"","website":"","wheelchair":"yes","buildingLevels":null,"areaSqm":14707}},{"type":"Feature","id":"way/143827439","geometry":{"type":"Polygon","coordinates":[[[140.3196769,35.7951276],[140.3195749,35.7950927],[140.3195691,35.7950654],[140.3195588,35.7950166],[140.3175821,35.795204],[140.3175508,35.7952336],[140.3175393,35.7952658],[140.3175438,35.795361],[140.3174824,35.7954047],[140.3174233,35.7954469],[140.3165442,35.7955277],[140.3164178,35.7955393],[140.3163083,35.7955493],[140.3158699,35.7955896],[140.3158932,35.7957566],[140.3158294,35.7957631],[140.3155813,35.7957885],[140.3156446,35.7961204],[140.3156904,35.7962332],[140.3158073,35.7962644],[140.3159669,35.7962849],[140.3161741,35.7962877],[140.3164384,35.7962635],[140.3166601,35.7962432],[140.3177664,35.7961419],[140.3179656,35.7961237],[140.3179646,35.7961159],[140.318041,35.7961095],[140.3181158,35.7961032],[140.3184782,35.7960728],[140.3184967,35.7960713],[140.3185507,35.7960667],[140.3194376,35.7959923],[140.319423,35.7958777],[140.3198996,35.7958417],[140.3201841,35.7956478],[140.3202672,35.7957174],[140.3203317,35.7957239],[140.3203826,35.7957043],[140.3214916,35.7948962],[140.3215031,35.7948707],[140.321483,35.7948498],[140.3208978,35.794307],[140.3208549,35.7942983],[140.3207959,35.7943135],[140.3201438,35.7947946],[140.3196769,35.7951276]]]},"properties":{"osmType":"way","osmId":143827439,"center":[140.3185422,35.795293],"name":"イオンモール成田","nameEn":"Aeon Mall Narita","shop":"mall","brand":"イオンモール","branch":"","address":"千葉県成田市ウィング土屋24","postcode":"286-0029","openingHours":"","phone":"","website":"https://narita-aeonmall.com/","wheelchair":"","buildingLevels":3,"areaSqm":48576}},{"type":"Feature","id":"way/144791409","geometry":{"type":"Polygon","coordinates":[[[140.1148765,35.610618],[140.1148234,35.6105754],[140.1150111,35.6104293],[140.1150636,35.6104648],[140.1151742,35.6104043],[140.1155547,35.6103714],[140.1155955,35.6104374],[140.1157767,35.6107702],[140.1157837,35.6108024],[140.1155294,35.6109939],[140.1154358,35.6110319],[140.1151426,35.6110682],[140.1150116,35.61101],[140.1148556,35.6106953],[140.1148765,35.610618]]]},"properties":{"osmType":"way","osmId":144791409,"center":[140.11530355000002,35.6107198],"name":"オーロラモールジュンヌ","nameEn":"","shop":"department_store","brand":"","branch":"","address":"","postcode":"","openingHours":"","phone":"","website":"","wheelchair":"","buildingLevels":null,"areaSqm":4769}},{"type":"Feature","id":"way/144791944","geometry":{"type":"Polygon","coordinates":[[[140.1134628,35.6107016],[140.1141628,35.6106449],[140.114217,35.6106612],[140.1146784,35.611335],[140.1146778,35.6114278],[140.1146188,35.6114953],[140.1143989,35.6115346],[140.1143458,35.6115312],[140.1143028,35.6114811],[140.1140904,35.6114953],[140.1140207,35.6115542],[140.1139322,35.6115564],[140.1135218,35.6112489],[140.1134547,35.6111617],[140.113407,35.6107527],[140.1134628,35.6107016]]]},"properties":{"osmType":"way","osmId":144791944,"center":[140.1140427,35.61110065],"name":"そごう","nameEn":"SOGO","shop":"department_store","brand":"","branch":"千葉店","address":"千葉県千葉市中央区新町1000","postcode":"","openingHours":"","phone":"","website":"","wheelchair":"yes","buildingLevels":null,"areaSqm":8269}},{"type":"Feature","id":"way/145549196","geometry":{"type":"Polygon","coordinates":[[[140.0235655,35.690116],[140.023419,35.6898112],[140.023541,35.6897252],[140.0236648,35.6896399],[140.023816,35.6895575],[140.0239679,35.6894765],[140.0239809,35.6894888],[140.0242438,35.6893974],[140.0243965,35.6897119],[140.0244977,35.6896802],[140.0245365,35.6897728],[140.0242643,35.6898615],[140.0242583,35.6898474],[140.0238546,35.6899895],[140.02386,35.690002],[140.0235655,35.690116]]]},"properties":{"osmType":"way","osmId":145549196,"center":[140.02397775,35.689756700000004],"name":"イオンモール津田沼South","nameEn":"","shop":"mall","brand":"","branch":"","address":"","postcode":"","openingHours":"","phone":"","website":"","wheelchair":"","buildingLevels":7,"areaSqm":3952}},{"type":"Feature","id":"way/151995806","geometry":{"type":"Polygon","coordinates":[[[140.0728885,35.7272142],[140.0728899,35.7272421],[140.0736416,35.7272178],[140.07364,35.7271801],[140.0740452,35.7271682],[140.0740908,35.7281904],[140.0731546,35.728218],[140.0731655,35.7284621],[140.0728524,35.7284751],[140.0722807,35.7284881],[140.0718364,35.7284632],[140.0716755,35.7283446],[140.0715256,35.7280494],[140.0715803,35.7279298],[140.072412,35.7276431],[140.0724547,35.7277273],[140.0726052,35.7276832],[140.0728588,35.727675],[140.0728437,35.7273678],[140.0728095,35.7273689],[140.072802,35.727217],[140.0728885,35.7272142]]]},"properties":{"osmType":"way","osmId":151995806,"center":[140.0728082,35.72782815],"name":"イオンモール八千代緑が丘","nameEn":"AEON","shop":"department_store","brand":"AEON","branch":"","address":"","postcode":"","openingHours":"","phone":"","website":"","wheelchair":"","buildingLevels":null,"areaSqm":22075}},{"type":"Feature","id":"way/163081800","geometry":{"type":"Polygon","coordinates":[[[140.1250976,35.5781575],[140.1249269,35.5787981],[140.1241461,35.5786606],[140.1239323,35.579463],[140.1241492,35.5795012],[140.1241299,35.5795737],[140.1245329,35.5796447],[140.1245286,35.5796609],[140.124617,35.5796765],[140.1246213,35.5796603],[140.1250586,35.5797373],[140.1250779,35.5796649],[140.1252139,35.5796888],[140.1256409,35.5780858],[140.1254738,35.5780564],[140.12543,35.5780487],[140.1255131,35.5777366],[140.1252233,35.5776855],[140.1251159,35.5780887],[140.125132,35.5780915],[140.1251137,35.5781603],[140.1250976,35.5781575]]]},"properties":{"osmType":"way","osmId":163081800,"center":[140.1247866,35.5787114],"name":"名称未登録","nameEn":"","shop":"mall","brand":"","branch":"","address":"","postcode":"","openingHours":"","phone":"","website":"","wheelchair":"","buildingLevels":null,"areaSqm":16749}},{"type":"Feature","id":"way/163081804","geometry":{"type":"Polygon","coordinates":[[[140.1244221,35.5775515],[140.1242548,35.5781797],[140.1244811,35.5782196],[140.1246484,35.5775914],[140.1244221,35.5775515]]]},"properties":{"osmType":"way","osmId":163081804,"center":[140.1244516,35.57788555],"name":"名称未登録","nameEn":"","shop":"mall","brand":"","branch":"","address":"","postcode":"","openingHours":"","phone":"","website":"","wheelchair":"","buildingLevels":null,"areaSqm":1500}},{"type":"Feature","id":"way/163081808","geometry":{"type":"Polygon","coordinates":[[[140.1244483,35.5774511],[140.124672,35.5774905],[140.1246941,35.5774076],[140.1244704,35.5773682],[140.1244483,35.5774511]]]},"properties":{"osmType":"way","osmId":163081808,"center":[140.1245712,35.57742935],"name":"名称未登録","nameEn":"","shop":"mall","brand":"","branch":"","address":"","postcode":"","openingHours":"","phone":"","website":"","wheelchair":"","buildingLevels":null,"areaSqm":196}},{"type":"Feature","id":"way/167707098","geometry":{"type":"Polygon","coordinates":[[[140.1608385,35.5558172],[140.1616726,35.5561303],[140.1618416,35.556126],[140.1622058,35.5554555],[140.1621495,35.5554359],[140.1621696,35.5553956],[140.1619684,35.5553203],[140.1619497,35.5553563],[140.1615379,35.5552123],[140.1615647,35.5551653],[140.1613556,35.5550989],[140.1613341,35.5551316],[140.1610445,35.555029],[140.1605084,35.5543837],[140.1605056,35.5543642],[140.1604957,35.5543428],[140.1604759,35.5543211],[140.1604456,35.554304],[140.1604081,35.5542959],[140.1603722,35.5542984],[140.1603347,35.5543129],[140.1603108,35.5543302],[140.1586953,35.5539569],[140.1585156,35.5544708],[140.1588696,35.5545439],[140.1591338,35.5544676],[140.1591561,35.5543939],[140.1593278,35.5544344],[140.1595303,35.5543776],[140.1595451,35.5543318],[140.1602411,35.5544736],[140.1601593,35.5545239],[140.1607091,35.5552352],[140.1610136,35.5550683],[140.1607856,35.5554643],[140.1607638,35.5556913],[140.1608385,35.5558172]]]},"properties":{"osmType":"way","osmId":167707098,"center":[140.1603607,35.555043600000005],"name":"名称未登録","nameEn":"","shop":"mall","brand":"","branch":"","address":"","postcode":"","openingHours":"","phone":"","website":"","wheelchair":"","buildingLevels":null,"areaSqm":19043}},{"type":"Feature","id":"way/171995267","geometry":{"type":"Polygon","coordinates":[[[139.9799168,35.7133027],[139.9799087,35.7132458],[139.9795258,35.7105692],[139.9785956,35.7106631],[139.977686,35.7107522],[139.9769458,35.7108081],[139.9772792,35.713162],[139.9793681,35.7129678],[139.9794232,35.7133496],[139.9799168,35.7133027]]]},"properties":{"osmType":"way","osmId":171995267,"center":[139.9784313,35.7119594],"name":"イオンモール船橋","nameEn":"AEON MALL","shop":"mall","brand":"イオンモール","branch":"船橋","address":"千葉県船橋市山手一丁目18","postcode":"273-0045","openingHours":"09:00-22:00","phone":"+81-47-420-7300","website":"https://www.aeon.jp/sc/funabashi/","wheelchair":"","buildingLevels":null,"areaSqm":63679}},{"type":"Feature","id":"way/172244236","geometry":{"type":"Polygon","coordinates":[[[140.0021025,35.6757526],[140.002381,35.6751782],[140.0008242,35.6746802],[140.0005967,35.6751496],[140.0011647,35.6753313],[140.0011967,35.6752653],[140.0014144,35.675335],[140.0013844,35.6753969],[140.0020563,35.6756118],[140.0020034,35.6757209],[140.0021025,35.6757526]]]},"properties":{"osmType":"way","osmId":172244236,"center":[140.00148885,35.6752164],"name":"ビバモール","nameEn":"Viva mall","shop":"mall","brand":"","branch":"","address":"","postcode":"","openingHours":"","phone":"","website":"","wheelchair":"","buildingLevels":null,"areaSqm":8419}},{"type":"Feature","id":"way/181313049","geometry":{"type":"Polygon","coordinates":[[[139.9868161,35.6861124],[139.9876589,35.6880166],[139.9876759,35.6880406],[139.9877156,35.6880626],[139.9877565,35.6880674],[139.9884388,35.6878654],[139.9890152,35.6876947],[139.9932407,35.6864434],[139.9933303,35.6864036],[139.9933988,35.6863646],[139.993436,35.6863288],[139.9934572,35.6862883],[139.9934689,35.6862285],[139.9928918,35.6852888],[139.9923317,35.6843769],[139.9922928,35.6843593],[139.9922409,35.6843554],[139.9921903,35.6843788],[139.9915362,35.6846721],[139.9908814,35.6849423],[139.9906271,35.6850331],[139.9903676,35.6851166],[139.9899478,35.6852568],[139.9895207,35.6853864],[139.9885894,35.6856356],[139.9868161,35.6861124]]]},"properties":{"osmType":"way","osmId":181313049,"center":[139.9901425,35.686211400000005],"name":"ららぽーとTOKYO-BAY","nameEn":"LaLaport","shop":"mall","brand":"","branch":"","address":"千葉県船橋市浜町2丁目11","postcode":"273-8530","openingHours":"10:00-18:00","phone":"047-433-9800","website":"https://mitsui-shopping-park.com/lalaport/tokyo-bay/","wheelchair":"","buildingLevels":null,"areaSqm":127290}},{"type":"Feature","id":"way/185931649","geometry":{"type":"Polygon","coordinates":[[[140.7866486,35.7087057],[140.7874533,35.7085576],[140.7875391,35.708856],[140.7874492,35.7088719],[140.7874849,35.7089906],[140.7873757,35.7090106],[140.7876115,35.7097468],[140.7877828,35.7097188],[140.7881744,35.7101261],[140.7882284,35.7100974],[140.7884108,35.7102107],[140.7885503,35.7103283],[140.7887809,35.7105678],[140.7888717,35.7105137],[140.7892476,35.7109032],[140.7891859,35.71094],[140.7883223,35.7114542],[140.7871233,35.7101715],[140.7866486,35.7087057]]]},"properties":{"osmType":"way","osmId":185931649,"center":[140.7879481,35.7100059],"name":"イオンモール","nameEn":"AEON Mall","shop":"mall","brand":"","branch":"銚子","address":"千葉県銚子市三崎町226601","postcode":"288-0815","openingHours":"","phone":"0479-20-0400","website":"https://www.aeon.jp/sc/choshi/","wheelchair":"","buildingLevels":null,"areaSqm":25859}},{"type":"Feature","id":"way/187056140","geometry":{"type":"Polygon","coordinates":[[[140.1558632,35.7230478],[140.1562402,35.7225398],[140.1560437,35.7224437],[140.1560381,35.7224513],[140.1559712,35.7224186],[140.1559619,35.7224311],[140.1557636,35.7223341],[140.1557385,35.7223679],[140.1557059,35.7223519],[140.155623,35.7224636],[140.1556554,35.7224795],[140.1556055,35.7225467],[140.1556342,35.7225608],[140.1555827,35.7226302],[140.1556208,35.7226488],[140.1555174,35.7227881],[140.1555608,35.7228094],[140.1555115,35.7228758],[140.155689,35.7229626],[140.1556788,35.7229764],[140.1557681,35.7230201],[140.1557784,35.7230063],[140.1558632,35.7230478]]]},"properties":{"osmType":"way","osmId":187056140,"center":[140.15587585,35.72269095],"name":"ユーカリプラザ","nameEn":"","shop":"mall","brand":"","branch":"","address":"千葉県佐倉市ユーカリが丘四丁目11","postcode":"285-0858","openingHours":"","phone":"","website":"","wheelchair":"","buildingLevels":null,"areaSqm":2967}},{"type":"Feature","id":"way/196223488","geometry":{"type":"Polygon","coordinates":[[[140.1883711,35.6237655],[140.1879158,35.6234141],[140.1883441,35.6230385],[140.1883704,35.6230569],[140.188444,35.6229932],[140.1884251,35.622974],[140.188486,35.6229197],[140.1884797,35.6229125],[140.1886621,35.6227517],[140.1888152,35.6226168],[140.1888934,35.6226745],[140.1888839,35.6226834],[140.1889964,35.6227713],[140.1894849,35.6223474],[140.1890842,35.6220465],[140.189516,35.6216753],[140.1895444,35.6216915],[140.1896383,35.6216103],[140.190028,35.6218966],[140.1900154,35.6219111],[140.1900827,35.6219197],[140.1902657,35.6220534],[140.1902708,35.6220906],[140.1902761,35.6221282],[140.1902753,35.6221515],[140.1902601,35.6221809],[140.1902417,35.6222015],[140.190228,35.6222177],[140.1902081,35.6222275],[140.1901897,35.6222356],[140.1901634,35.622245],[140.1901403,35.6222485],[140.1901029,35.6222467],[140.1900744,35.6222334],[140.1900714,35.6222361],[140.1901061,35.6222643],[140.1900893,35.6222745],[140.1901203,35.622295],[140.1900619,35.6223484],[140.1900314,35.6223266],[140.1899694,35.6223775],[140.1900078,35.6224044],[140.1899379,35.6224655],[140.1899058,35.622445],[140.1898585,35.6224856],[140.1898837,35.6225082],[140.1898201,35.6225599],[140.1897923,35.622542],[140.1897276,35.6225924],[140.1897613,35.6226138],[140.1892624,35.6230411],[140.1892351,35.6230206],[140.1891878,35.6230582],[140.1892204,35.6230855],[140.1891499,35.6231411],[140.1891278,35.623124],[140.1890632,35.6231757],[140.1890837,35.6231945],[140.1890206,35.6232453],[140.1889933,35.6232231],[140.1889365,35.6232752],[140.1889623,35.6232979],[140.1889013,35.6233521],[140.1888703,35.6233295],[140.1888219,35.6233718],[140.1888493,35.6233949],[140.1885218,35.6236739],[140.1884923,35.6236551],[140.1883711,35.6237655]]]},"properties":{"osmType":"way","osmId":196223488,"center":[140.18909595000002,35.6226879],"name":"イコアス千城台","nameEn":"","shop":"department_store","brand":"","branch":"","address":"","postcode":"","openingHours":"","phone":"","website":"","wheelchair":"yes","buildingLevels":4,"areaSqm":15563}},{"type":"Feature","id":"way/197316814","geometry":{"type":"Polygon","coordinates":[[[140.2884505,35.4387218],[140.2885487,35.4388402],[140.2888149,35.4391434],[140.2891297,35.4395289],[140.2892962,35.4397358],[140.2894567,35.4399343],[140.2894433,35.43999],[140.28773,35.440945],[140.2876715,35.4409298],[140.2870266,35.4401395],[140.286829,35.4402485],[140.2864825,35.4398132],[140.2873349,35.4393337],[140.2873906,35.4393024],[140.2874071,35.4392933],[140.2874099,35.4392917],[140.2884505,35.4387218]]]},"properties":{"osmType":"way","osmId":197316814,"center":[140.2879696,35.4398334],"name":"茂原セントラルモール","nameEn":"","shop":"mall","brand":"","branch":"","address":"","postcode":"","openingHours":"","phone":"","website":"","wheelchair":"","buildingLevels":null,"areaSqm":34151}},{"type":"Feature","id":"way/198401016","geometry":{"type":"Polygon","coordinates":[[[140.382679,35.5796948],[140.3824763,35.5794669],[140.3824399,35.5794883],[140.3821737,35.5791891],[140.3817403,35.579444],[140.3817186,35.5794196],[140.3815194,35.5795367],[140.3815453,35.5795658],[140.3814815,35.5796033],[140.3822371,35.580453],[140.3822826,35.5804262],[140.3823976,35.5805554],[140.3828153,35.5803096],[140.3828357,35.5803326],[140.3830703,35.5801945],[140.382644,35.5797154],[140.382679,35.5796948]]]},"properties":{"osmType":"way","osmId":198401016,"center":[140.38227590000002,35.57987225],"name":"ベイシアスーパーセンター","nameEn":"Beisia Super Center","shop":"mall","brand":"","branch":"東金店","address":"","postcode":"","openingHours":"","phone":"","website":"","wheelchair":"","buildingLevels":null,"areaSqm":10714}},{"type":"Feature","id":"way/205738960","geometry":{"type":"Polygon","coordinates":[[[139.9703458,35.8617468],[139.9710184,35.8626078],[139.9716667,35.8634351],[139.9714618,35.8635416],[139.9710902,35.8630659],[139.9708602,35.8630523],[139.9707997,35.8629737],[139.9707411,35.8630054],[139.9705949,35.8628301],[139.9705185,35.862869],[139.9704355,35.8627631],[139.9704017,35.8627199],[139.9704136,35.8627138],[139.9704082,35.862704],[139.9704412,35.8626865],[139.9704249,35.8626658],[139.9704022,35.8626372],[139.970408,35.8626314],[139.9700362,35.8621551],[139.9699772,35.8618984],[139.970024,35.8618742],[139.9700461,35.8619025],[139.9703458,35.8617468]]]},"properties":{"osmType":"way","osmId":205738960,"center":[139.97082195,35.8626442],"name":"柏高島屋ステーションモール S館","nameEn":"","shop":"department_store","brand":"","branch":"","address":"","postcode":"","openingHours":"","phone":"","website":"","wheelchair":"","buildingLevels":null,"areaSqm":8690}},{"type":"Feature","id":"way/206130099","geometry":{"type":"Polygon","coordinates":[[[139.9846327,35.7000272],[139.9847608,35.7000796],[139.9849674,35.7001219],[139.9852604,35.7001819],[139.9853572,35.7002336],[139.9853992,35.700256],[139.9856605,35.7003375],[139.9858198,35.7003881],[139.9859467,35.7004268],[139.9859577,35.7004302],[139.9859904,35.7003369],[139.9862046,35.7003956],[139.986226,35.7003431],[139.9859685,35.7001688],[139.9856235,35.7000714],[139.9852972,35.6999794],[139.9852356,35.6999947],[139.9847984,35.699901],[139.9846572,35.6999098],[139.9846327,35.7000272]]]},"properties":{"osmType":"way","osmId":206130099,"center":[139.98542935,35.7001656],"name":"next","nameEn":"next","shop":"mall","brand":"","branch":"船橋店","address":"千葉県船橋市本町一丁目51","postcode":"","openingHours":"","phone":"","website":"","wheelchair":"","buildingLevels":2,"areaSqm":3173}},{"type":"Feature","id":"way/207574098","geometry":{"type":"Polygon","coordinates":[[[140.0435737,35.6490343],[140.0435862,35.6490236],[140.0435859,35.6490158],[140.0433118,35.6487304],[140.0432633,35.6487676],[140.043226,35.6487356],[140.0427884,35.649072],[140.0431362,35.6493707],[140.0435737,35.6490343]]]},"properties":{"osmType":"way","osmId":207574098,"center":[140.0431873,35.64905055],"name":"スーク海浜幕張","nameEn":"su:k","shop":"mall","brand":"","branch":"","address":"","postcode":"","openingHours":"","phone":"","website":"","wheelchair":"","buildingLevels":null,"areaSqm":2661}},{"type":"Feature","id":"way/207574104","geometry":{"type":"Polygon","coordinates":[[[140.042834,35.648197],[140.0422506,35.6485316],[140.0424474,35.6487081],[140.0429603,35.6483423],[140.042834,35.648197]]]},"properties":{"osmType":"way","osmId":207574104,"center":[140.04260545,35.64845255],"name":"aune MAKUHARI","nameEn":"","shop":"mall","brand":"","branch":"","address":"","postcode":"","openingHours":"","phone":"","website":"","wheelchair":"yes","buildingLevels":null,"areaSqm":1458}},{"type":"Feature","id":"way/208136698","geometry":{"type":"Polygon","coordinates":[[[140.0004632,35.7812966],[140.001723,35.7813139],[140.001723,35.7813792],[140.0019966,35.7813814],[140.002022,35.7813661],[140.0020462,35.7813433],[140.0020664,35.781317],[140.0020619,35.780719],[140.0020408,35.7807177],[140.0020368,35.7806753],[140.0020194,35.7806437],[140.0019845,35.7806176],[140.000595,35.7802181],[140.0005857,35.7804392],[140.0004932,35.7805034],[140.0004985,35.7806002],[140.0004811,35.7805991],[140.0004632,35.7812966]]]},"properties":{"osmType":"way","osmId":208136698,"center":[140.0012648,35.78079975],"name":"アクロスモール新鎌ヶ谷","nameEn":"Across Mall Shinkamagaya","shop":"mall","brand":"","branch":"","address":"","postcode":"","openingHours":"","phone":"","website":"https://shinkama.acrossmall.jp/","wheelchair":"","buildingLevels":null,"areaSqm":14163}},{"type":"Feature","id":"way/209136274","geometry":{"type":"Polygon","coordinates":[[[140.0408109,35.6478258],[140.0409401,35.6477334],[140.040815,35.6476179],[140.0408722,35.6475771],[140.0405643,35.6472928],[140.0404715,35.6472906],[140.0400969,35.6475586],[140.040087,35.6475495],[140.0399522,35.6476469],[140.039953,35.6476885],[140.040182,35.6479071],[140.040182,35.6479119],[140.0401705,35.6479201],[140.040182,35.6479308],[140.040182,35.6479761],[140.0403608,35.6481637],[140.0404478,35.6481762],[140.0408111,35.6479191],[140.0408109,35.6478258]]]},"properties":{"osmType":"way","osmId":209136274,"center":[140.04044614999998,35.6477334],"name":"プレナ幕張","nameEn":"Plena Makuhari","shop":"mall","brand":"","branch":"","address":"千葉県千葉市美浜区ひび野二丁目4","postcode":"261-0021","openingHours":"","phone":"","website":"","wheelchair":"","buildingLevels":6,"areaSqm":5046}},{"type":"Feature","id":"way/219408283","geometry":{"type":"Polygon","coordinates":[[[140.1172311,35.6079409],[140.1173626,35.6075612],[140.1173973,35.6074611],[140.1174984,35.6072526],[140.1176707,35.607304],[140.1176854,35.6072755],[140.117725,35.6072862],[140.1175158,35.6077146],[140.1175611,35.6077342],[140.1174341,35.6080019],[140.1172311,35.6079409]]]},"properties":{"osmType":"way","osmId":219408283,"center":[140.11747805,35.60762725],"name":"ユアエルム 千葉店Mio","nameEn":"","shop":"mall","brand":"","branch":"","address":"","postcode":"","openingHours":"","phone":"","website":"","wheelchair":"","buildingLevels":null,"areaSqm":1646}},{"type":"Feature","id":"way/225862192","geometry":{"type":"Polygon","coordinates":[[[140.2524656,35.2891988],[140.2531894,35.2892399],[140.2532527,35.2892273],[140.2532928,35.2891901],[140.2533259,35.2888184],[140.2533588,35.2884487],[140.2533833,35.288173],[140.2525615,35.288121],[140.2524656,35.2891988]]]},"properties":{"osmType":"way","osmId":225862192,"center":[140.25292445,35.28868045],"name":"大多喜オリブ","nameEn":"","shop":"mall","brand":"","branch":"","address":"","postcode":"","openingHours":"","phone":"","website":"","wheelchair":"","buildingLevels":null,"areaSqm":8969}},{"type":"Feature","id":"way/234267932","geometry":{"type":"Polygon","coordinates":[[[139.8623691,35.0091434],[139.86123,35.0088805],[139.8613433,35.0084825],[139.8598096,35.008103],[139.8599288,35.007691],[139.8596767,35.0076342],[139.8597249,35.0072032],[139.859504,35.0072032],[139.8594989,35.0072894],[139.8594427,35.0072888],[139.8594409,35.0074474],[139.8592097,35.0074467],[139.8592168,35.0070699],[139.8589697,35.0070814],[139.8588773,35.0076951],[139.8588235,35.0076709],[139.858736,35.0073825],[139.8587428,35.0069246],[139.8587593,35.0068071],[139.8592681,35.0068248],[139.8594987,35.0047292],[139.8603446,35.0048506],[139.8603236,35.0049422],[139.8605658,35.0049863],[139.8605923,35.0048921],[139.8613265,35.0050108],[139.8617651,35.0050518],[139.8623868,35.0050899],[139.8624555,35.0083384],[139.8623691,35.0091434]]]},"properties":{"osmType":"way","osmId":234267932,"center":[139.86059575000002,35.0069363],"name":"イオンタウン館山","nameEn":"AEON TOWN Tateyama","shop":"mall","brand":"","branch":"","address":"","postcode":"","openingHours":"","phone":"","website":"","wheelchair":"","buildingLevels":null,"areaSqm":110765}},{"type":"Feature","id":"way/239869430","geometry":{"type":"Polygon","coordinates":[[[139.9366369,35.3864043],[139.9365716,35.3863988],[139.9365469,35.3863967],[139.9365414,35.38644],[139.9364742,35.3864343],[139.9364797,35.386391],[139.9361683,35.3863647],[139.9361627,35.3864086],[139.9361259,35.3864052],[139.9360904,35.386402],[139.9360959,35.3863587],[139.9360068,35.3863512],[139.9360224,35.386228],[139.9359385,35.3861797],[139.935799,35.3861679],[139.935761,35.3861209],[139.9358134,35.3857079],[139.9357556,35.3857031],[139.9357984,35.3853655],[139.9357557,35.3853619],[139.9357657,35.3852826],[139.9358085,35.3852862],[139.9358219,35.3851806],[139.9362794,35.3852192],[139.9367983,35.3852629],[139.9367696,35.3854889],[139.9367505,35.3855084],[139.9366369,35.3864043]]]},"properties":{"osmType":"way","osmId":239869430,"center":[139.93627694999998,35.3858103],"name":"イオンタウン木更津朝日","nameEn":"","shop":"mall","brand":"","branch":"","address":"","postcode":"","openingHours":"","phone":"","website":"","wheelchair":"","buildingLevels":2,"areaSqm":10525}},{"type":"Feature","id":"way/246754437","geometry":{"type":"Polygon","coordinates":[[[140.1616729,35.8039813],[140.1614733,35.8040064],[140.1612741,35.8039793],[140.1610956,35.8039025],[140.1609489,35.8037752],[140.1608632,35.8036155],[140.1608484,35.8034416],[140.1609063,35.8032738],[140.1610301,35.8031314],[140.1610606,35.8031032],[140.1610338,35.8028572],[140.161123,35.8027776],[140.1614175,35.8027595],[140.1613639,35.8027233],[140.1614621,35.8026147],[140.1615558,35.8026582],[140.1615469,35.8025786],[140.1619528,35.8025351],[140.1619394,35.8024736],[140.1632287,35.8023542],[140.1632421,35.8024121],[140.1640273,35.8023398],[140.16417,35.8033709],[140.1640808,35.8035482],[140.1620331,35.80374],[140.1619938,35.8037892],[140.1618525,35.8039063],[140.1616729,35.8039813]]]},"properties":{"osmType":"way","osmId":246754437,"center":[140.1625092,35.803173099999995],"name":"BIG HOP Garden Mall Inzai","nameEn":"","shop":"mall","brand":"","branch":"","address":"","postcode":"","openingHours":"","phone":"","website":"","wheelchair":"","buildingLevels":null,"areaSqm":39855}},{"type":"Feature","id":"way/253441709","geometry":{"type":"Polygon","coordinates":[[[140.0723706,35.732507],[140.07274,35.7323817],[140.0728519,35.732599],[140.0729031,35.7325817],[140.0729731,35.7327176],[140.0729218,35.732735],[140.0730084,35.7329031],[140.0732319,35.7328273],[140.0733893,35.7331331],[140.07321,35.733194],[140.0733411,35.7334487],[140.0733606,35.7334421],[140.0734282,35.7335734],[140.0733919,35.7335857],[140.0734024,35.733606],[140.0731724,35.733684],[140.0731966,35.7337309],[140.0720342,35.7341253],[140.0719619,35.733985],[140.0718338,35.7340285],[140.071632,35.7336365],[140.0717601,35.7335931],[140.0717069,35.7334898],[140.0721137,35.7333518],[140.0720848,35.7332957],[140.0724449,35.7331736],[140.0725665,35.7329395],[140.0724334,35.732681],[140.0724562,35.7326733],[140.0723706,35.732507]]]},"properties":{"osmType":"way","osmId":253441709,"center":[140.0725301,35.733253500000004],"name":"名称未登録","nameEn":"","shop":"mall","brand":"","branch":"","address":"","postcode":"","openingHours":"","phone":"","website":"","wheelchair":"","buildingLevels":null,"areaSqm":15378}},{"type":"Feature","id":"way/255233541","geometry":{"type":"Polygon","coordinates":[[[140.0242888,35.655823],[140.0251199,35.6552149],[140.0250797,35.6551812],[140.0256255,35.6548156],[140.026047,35.6552103],[140.0260288,35.655362],[140.0259566,35.655407],[140.0247744,35.6562587],[140.0247463,35.6562335],[140.0246148,35.6563302],[140.0245711,35.656291],[140.0247026,35.6561942],[140.0242888,35.655823]]]},"properties":{"osmType":"way","osmId":255233541,"center":[140.02516789999999,35.655572899999996],"name":"ACTIVE MALL","nameEn":"Active Mall","shop":"mall","brand":"","branch":"","address":"","postcode":"","openingHours":"Mo-Sa 10:00-21:00","phone":"","website":"","wheelchair":"","buildingLevels":3.5,"areaSqm":11121}},{"type":"Feature","id":"way/255233543","geometry":{"type":"Polygon","coordinates":[[[140.0273541,35.6564199],[140.0265265,35.6569931],[140.0265204,35.6570296],[140.0265077,35.6570623],[140.0264896,35.6570901],[140.0264648,35.657113],[140.0252444,35.6579441],[140.0247641,35.6574586],[140.0249851,35.6571776],[140.0250696,35.6571167],[140.0253479,35.6574062],[140.0256116,35.6571992],[140.0255629,35.6571526],[140.0256269,35.6571084],[140.0256756,35.6571549],[140.0259929,35.6569356],[140.0259179,35.656864],[140.025983,35.656819],[140.026058,35.6568906],[140.0265662,35.6565647],[140.0261735,35.6561684],[140.0265413,35.6559147],[140.0265965,35.6558717],[140.0268432,35.6558721],[140.027335,35.6563614],[140.0273128,35.6563827],[140.0273304,35.6563986],[140.0273541,35.6564199]]]},"properties":{"osmType":"way","osmId":255233543,"center":[140.0260591,35.6569079],"name":"EKIMAE","nameEn":"EKIMAE","shop":"mall","brand":"","branch":"","address":"","postcode":"","openingHours":"Mo-Sa 10:00-21:00","phone":"","website":"","wheelchair":"","buildingLevels":4,"areaSqm":15386}},{"type":"Feature","id":"way/255233545","geometry":{"type":"Polygon","coordinates":[[[140.0294955,35.6549004],[140.0295505,35.6549647],[140.0295968,35.6550941],[140.0297642,35.6553174],[140.0299592,35.6554073],[140.0304266,35.655104],[140.0304985,35.6551711],[140.0317244,35.6543046],[140.0316679,35.6542615],[140.0316149,35.6542225],[140.0315834,35.6541896],[140.0323819,35.6536916],[140.0325746,35.6535617],[140.0326709,35.6536528],[140.0328647,35.6535217],[140.0323815,35.6530583],[140.0324338,35.6530224],[140.0323398,35.6529322],[140.0322875,35.6529682],[140.0322335,35.6529164],[140.0324576,35.6527689],[140.0325148,35.6528225],[140.0329035,35.6525592],[140.0328514,35.6525124],[140.0332291,35.6522468],[140.0331639,35.6521823],[140.0332632,35.6521162],[140.0327132,35.6515835],[140.0320072,35.6520662],[140.0319502,35.6520646],[140.0318878,35.6520727],[140.0318094,35.6520918],[140.0317352,35.6521176],[140.0316431,35.6521599],[140.0315557,35.6522118],[140.0314782,35.6522847],[140.0314171,35.6523691],[140.0313875,35.6524504],[140.0313711,35.6525378],[140.0313728,35.6526269],[140.0313789,35.6526879],[140.0314071,35.6527568],[140.0314057,35.6528018],[140.0313889,35.6528301],[140.0313581,35.6528677],[140.0313348,35.6529076],[140.0313292,35.6529489],[140.0313313,35.6529897],[140.0313443,35.6530348],[140.0313715,35.6530911],[140.0314162,35.6531232],[140.0314533,35.653139],[140.0315002,35.6531472],[140.031521,35.6531614],[140.0315358,35.6531821],[140.0315425,35.6532104],[140.0315525,35.6532377],[140.0315693,35.6532633],[140.0315892,35.6532841],[140.0316505,35.6533025],[140.0316344,35.6534065],[140.0314403,35.6535389],[140.0313754,35.6535334],[140.0309457,35.6538212],[140.0309145,35.6537909],[140.0304357,35.6541168],[140.0304669,35.654147],[140.0301732,35.6543443],[140.0301334,35.6543809],[140.030076,35.6544059],[140.0299583,35.6544366],[140.0297491,35.6545754],[140.0295897,35.6547302],[140.0295237,35.6548142],[140.0294955,35.6549004]]]},"properties":{"osmType":"way","osmId":255233545,"center":[140.03137935,35.6534954],"name":"GRAND MALL","nameEn":"GRAND MALL","shop":"mall","brand":"","branch":"","address":"","postcode":"","openingHours":"Mo-Sa 10:00-21:00","phone":"","website":"","wheelchair":"","buildingLevels":4,"areaSqm":44847}},{"type":"Feature","id":"way/255233548","geometry":{"type":"Polygon","coordinates":[[[140.0291094,35.6551693],[140.029169,35.655234],[140.0290874,35.6552926],[140.0291973,35.6554001],[140.0291501,35.6554333],[140.0290928,35.6553721],[140.0290664,35.6553924],[140.029087,35.6554187],[140.0286104,35.6557494],[140.0286463,35.6557848],[140.0287119,35.6557431],[140.0287252,35.6557574],[140.0286574,35.6558006],[140.0286717,35.6558147],[140.0286299,35.6558428],[140.0285938,35.655811],[140.028478,35.6558919],[140.0284477,35.6558672],[140.0282578,35.6559957],[140.0282499,35.6560663],[140.0282705,35.6560929],[140.0282332,35.6561126],[140.0280799,35.6559563],[140.0280893,35.6559388],[140.0280387,35.6558882],[140.0284959,35.6555699],[140.0284613,35.6555335],[140.0287506,35.6553389],[140.0287898,35.6553768],[140.0291094,35.6551693]]]},"properties":{"osmType":"way","osmId":255233548,"center":[140.028618,35.65564095],"name":"PET MALL","nameEn":"Pet Mall","shop":"mall","brand":"","branch":"","address":"","postcode":"","openingHours":"Mo-Sa 10:00-21:00","phone":"","website":"","wheelchair":"","buildingLevels":3,"areaSqm":2978}},{"type":"Feature","id":"way/288997269","geometry":{"type":"Polygon","coordinates":[[[139.970531,35.8606336],[139.9707203,35.8605625],[139.9709058,35.8607748],[139.9710223,35.860706],[139.970974,35.8606221],[139.9709449,35.8605466],[139.9709214,35.8604714],[139.9709648,35.8604679],[139.9709529,35.8603944],[139.9709418,35.8603263],[139.9709195,35.8603323],[139.9709061,35.8602606],[139.9702101,35.8603191],[139.9701791,35.8603376],[139.9702177,35.8603799],[139.9702659,35.8604328],[139.9703557,35.8605314],[139.9704547,35.86064],[139.970531,35.8606336]]]},"properties":{"osmType":"way","osmId":288997269,"center":[139.97060069999998,35.8605177],"name":"柏モディ","nameEn":"KASHIWA MODI","shop":"mall","brand":"","branch":"柏","address":"千葉県柏市柏1226","postcode":"277-0005","openingHours":"10:30-20:00","phone":"","website":"https://www.0101.co.jp/722/","wheelchair":"yes","buildingLevels":null,"areaSqm":2348}},{"type":"Feature","id":"way/307426042","geometry":{"type":"Polygon","coordinates":[[[140.1657315,35.8051033],[140.1630482,35.8055804],[140.1630643,35.8058353],[140.1624761,35.8062012],[140.1615575,35.8064626],[140.1616945,35.8068874],[140.1626695,35.8067044],[140.1636445,35.8060117],[140.1658363,35.8056588],[140.1657315,35.8051033]]]},"properties":{"osmType":"way","osmId":307426042,"center":[140.1636969,35.80599535],"name":"Makinohara MORE","nameEn":"","shop":"mall","brand":"","branch":"","address":"","postcode":"","openingHours":"","phone":"","website":"https://www.makinohara-more.com/","wheelchair":"","buildingLevels":1,"areaSqm":23789}},{"type":"Feature","id":"way/361372793","geometry":{"type":"Polygon","coordinates":[[[139.941061,35.7472444],[139.9416525,35.7476204],[139.9419265,35.7473365],[139.941335,35.7469604],[139.941061,35.7472444]]]},"properties":{"osmType":"way","osmId":361372793,"center":[139.94149375,35.7472904],"name":"ジョーシン","nameEn":"","shop":"mall","brand":"","branch":"市川大野店","address":"千葉県市川市大野町一丁目191","postcode":"272-0805","openingHours":"","phone":"","website":"","wheelchair":"","buildingLevels":null,"areaSqm":2725}},{"type":"Feature","id":"way/361990410","geometry":{"type":"Polygon","coordinates":[[[140.2857287,35.7779754],[140.2854318,35.7779579],[140.2853608,35.7778619],[140.2852831,35.7777631],[140.285185,35.7776753],[140.285185,35.7776726],[140.2850904,35.7776205],[140.2849642,35.7775707],[140.2848383,35.7775431],[140.2846204,35.7775293],[140.2844774,35.7775348],[140.2844407,35.7775397],[140.2844021,35.7775523],[140.2844389,35.7770555],[140.2844413,35.7770227],[140.2851427,35.7770745],[140.2851158,35.7772595],[140.2853572,35.7772812],[140.2853371,35.7774162],[140.2854162,35.7774249],[140.2854203,35.7775565],[140.2855597,35.7777632],[140.2857502,35.7777796],[140.2857287,35.7779754]]]},"properties":{"osmType":"way","osmId":361990410,"center":[140.28507615,35.77749905],"name":"ウニクス","nameEn":"Unicus","shop":"mall","brand":"","branch":"成田","address":"","postcode":"","openingHours":"","phone":"","website":"","wheelchair":"","buildingLevels":1,"areaSqm":5740}},{"type":"Feature","id":"way/363139385","geometry":{"type":"Polygon","coordinates":[[[140.2940426,35.716585],[140.2940855,35.7166059],[140.2941397,35.7166198],[140.2941939,35.7166244],[140.2942396,35.7166175],[140.2942882,35.7166082],[140.2944823,35.7164923],[140.2947097,35.7163427],[140.2948499,35.7162813],[140.2949873,35.7162426],[140.2951752,35.7162016],[140.295363,35.7161879],[140.2956424,35.7161681],[140.2956706,35.7164526],[140.2957269,35.7168404],[140.2957515,35.7169082],[140.2957985,35.7169814],[140.2958817,35.7170417],[140.296012,35.7170857],[140.2973753,35.7174179],[140.2974893,35.7174281],[140.2975906,35.7174149],[140.2976775,35.7173958],[140.2985059,35.7169777],[140.2985477,35.7169117],[140.2985705,35.7168497],[140.2985839,35.7167821],[140.2985872,35.7167353],[140.2985068,35.7165045],[140.2986664,35.7164936],[140.2993745,35.7164729],[140.2994053,35.7171447],[140.2999793,35.7171306],[140.299986,35.7170652],[140.300151,35.7168105],[140.3002261,35.7167702],[140.3003065,35.7167658],[140.3003159,35.7164098],[140.3002247,35.7164043],[140.2996038,35.7151107],[140.2992725,35.7148864],[140.2987415,35.7144465],[140.2985886,35.7144824],[140.2984478,35.7142298],[140.2974028,35.7139163],[140.2973816,35.7138759],[140.2973025,35.713865],[140.2967405,35.7134632],[140.2965796,35.7133086],[140.2963905,35.7132019],[140.2961048,35.7129787],[140.2958742,35.712591],[140.2961276,35.7123819],[140.2958728,35.7119551],[140.2955832,35.7120716],[140.2953066,35.7121117],[140.2950145,35.7111024],[140.2949636,35.7109358],[140.2949207,35.7108476],[140.2948751,35.7107703],[140.2948134,35.7106908],[140.2947356,35.7106255],[140.2946404,35.7105721],[140.2945358,35.7105166],[140.2944392,35.7104828],[140.2943284,35.7104513],[140.2942163,35.7104467],[140.2940789,35.710449],[140.2920546,35.7107586],[140.2919201,35.7109089],[140.2920126,35.7114939],[140.2921023,35.711544],[140.2921051,35.7116556],[140.292049,35.7117079],[140.2921836,35.7128553],[140.2922145,35.7131626],[140.2922397,35.7135951],[140.2922383,35.7138974],[140.2923013,35.7139645],[140.2923057,35.7140168],[140.2923093,35.7140757],[140.2922647,35.7141339],[140.2922669,35.7141499],[140.292293,35.7145876],[140.2923266,35.7147743],[140.2923799,35.7149428],[140.2924444,35.7150998],[140.2925285,35.7152524],[140.2926322,35.7153935],[140.2927472,35.7155346],[140.2928928,35.7156602],[140.2938685,35.7164413],[140.2940426,35.716585]]]},"properties":{"osmType":"way","osmId":363139385,"center":[140.29611799999998,35.7139374],"name":"Shisui Premium Outlets","nameEn":"Shisui Premium Outlets","shop":"mall","brand":"","branch":"","address":"千葉県酒々井町飯積二丁目41","postcode":"285-0912","openingHours":"Mo-Su 10:00-20:00","phone":"+81 043-481-6160","website":"https://www.premiumoutlets.co.jp/shisui/","wheelchair":"","buildingLevels":null,"areaSqm":319086}},{"type":"Feature","id":"way/365827367","geometry":{"type":"Polygon","coordinates":[[[140.1636168,35.5807869],[140.1634517,35.5806449],[140.1635309,35.5805827],[140.1634215,35.5804692],[140.1637965,35.580182],[140.1637772,35.5801448],[140.164842,35.5794344],[140.1651617,35.5797363],[140.1636168,35.5807869]]]},"properties":{"osmType":"way","osmId":365827367,"center":[140.1642916,35.580110649999995],"name":"ライフガーデン仁戸名","nameEn":"","shop":"mall","brand":"","branch":"","address":"","postcode":"","openingHours":"","phone":"","website":"","wheelchair":"","buildingLevels":null,"areaSqm":7750}},{"type":"Feature","id":"way/377078162","geometry":{"type":"Polygon","coordinates":[[[140.102241,35.1085983],[140.1022115,35.1086991],[140.1025223,35.109006],[140.1028582,35.1087784],[140.1030528,35.1089706],[140.1034955,35.1086706],[140.1030157,35.1081969],[140.1028332,35.1081774],[140.102241,35.1085983]]]},"properties":{"osmType":"way","osmId":377078162,"center":[140.1028535,35.108591700000005],"name":"フローレ鴨川ショッピングセンター","nameEn":"","shop":"mall","brand":"","branch":"","address":"","postcode":"","openingHours":"","phone":"","website":"","wheelchair":"","buildingLevels":4,"areaSqm":6154}},{"type":"Feature","id":"way/385706525","geometry":{"type":"Polygon","coordinates":[[[139.9702442,35.8637753],[139.9704575,35.8638102],[139.9704704,35.8637586],[139.9706197,35.8636792],[139.9706777,35.8636902],[139.9707717,35.8633666],[139.9707117,35.8633551],[139.9707599,35.8631709],[139.97061,35.8629819],[139.9704478,35.8629568],[139.9702442,35.8637753]]]},"properties":{"osmType":"way","osmId":385706525,"center":[139.97050795,35.8633835],"name":"柏高島屋","nameEn":"","shop":"department_store","brand":"","branch":"","address":"","postcode":"","openingHours":"","phone":"","website":"","wheelchair":"","buildingLevels":null,"areaSqm":2872}},{"type":"Feature","id":"way/397730624","geometry":{"type":"Polygon","coordinates":[[[140.5974882,35.8607714],[140.5975167,35.8608256],[140.5976206,35.8607897],[140.5978089,35.8608555],[140.5981129,35.8602839],[140.5976922,35.8601369],[140.5977558,35.8600174],[140.5977664,35.8600211],[140.5978535,35.8598573],[140.5972202,35.8596361],[140.5971808,35.8597102],[140.5971403,35.859696],[140.5970534,35.8598593],[140.5970407,35.8598549],[140.5969738,35.8599808],[140.5969944,35.859988],[140.5969323,35.8601048],[140.5968993,35.8600933],[140.5968266,35.8602301],[140.5968596,35.8602416],[140.5967279,35.8604892],[140.5967455,35.8604954],[140.5967399,35.8605058],[140.5966972,35.8605205],[140.5967501,35.8606211],[140.5967942,35.8606058],[140.5968161,35.8606135],[140.5967935,35.8606561],[140.5973303,35.8608436],[140.5973999,35.8607126],[140.5974134,35.8607174],[140.597449,35.860785],[140.5974882,35.8607714]]]},"properties":{"osmType":"way","osmId":397730624,"center":[140.59740505,35.8602458],"name":"ショッピングセンターアピオ","nameEn":"Apio","shop":"mall","brand":"","branch":"","address":"","postcode":"","openingHours":"","phone":"","website":"https://www.a-pio.com/shops.html","wheelchair":"","buildingLevels":null,"areaSqm":10678}},{"type":"Feature","id":"way/401428815","geometry":{"type":"Polygon","coordinates":[[[140.3142547,35.7772535],[140.314124,35.7772872],[140.3140159,35.7773168],[140.3139125,35.7770696],[140.3138582,35.7770838],[140.313787,35.7769045],[140.3138174,35.7768965],[140.3143394,35.7767601],[140.3143294,35.7767349],[140.3144088,35.7767142],[140.3145544,35.7769559],[140.3141742,35.7770582],[140.3142547,35.7772535]]]},"properties":{"osmType":"way","osmId":401428815,"center":[140.31417069999998,35.777015500000005],"name":"スカイタウン成田","nameEn":"Skytown Narita","shop":"mall","brand":"","branch":"","address":"千葉県成田市花崎町82811","postcode":"286-0033","openingHours":"","phone":"","website":"","wheelchair":"","buildingLevels":6,"areaSqm":2190}},{"type":"Feature","id":"way/402411082","geometry":{"type":"Polygon","coordinates":[[[140.1506396,35.7272658],[140.1507673,35.7272678],[140.1511458,35.7270257],[140.1512705,35.7269308],[140.1513828,35.7268489],[140.1515158,35.7267335],[140.1516749,35.72661],[140.1516784,35.7265599],[140.1519809,35.7262991],[140.1520648,35.7262681],[140.1521069,35.7262263],[140.1520974,35.7261314],[140.1519901,35.7260617],[140.1501997,35.7253779],[140.1500348,35.7255794],[140.1495104,35.7261324],[140.1494474,35.7262195],[140.1494031,35.7262957],[140.1493656,35.7263763],[140.1493159,35.726483],[140.1493173,35.7264993],[140.1493347,35.7265168],[140.1497558,35.7266844],[140.1499637,35.726765],[140.1501273,35.7268412],[140.1503191,35.7269501],[140.1504545,35.727072],[140.1505457,35.7271602],[140.1506396,35.7272658]]]},"properties":{"osmType":"way","osmId":402411082,"center":[140.1507114,35.72632285],"name":"イオンタウンユーカリが丘","nameEn":"","shop":"mall","brand":"","branch":"","address":"","postcode":"","openingHours":"","phone":"","website":"","wheelchair":"","buildingLevels":null,"areaSqm":28767}},{"type":"Feature","id":"way/402411083","geometry":{"type":"Polygon","coordinates":[[[140.1508093,35.7274716],[140.1508241,35.7274302],[140.1512828,35.7271602],[140.1516811,35.7268662],[140.1520901,35.726532],[140.1523248,35.7263121],[140.1523677,35.7262849],[140.1524066,35.7262707],[140.1524629,35.7262587],[140.1525219,35.7262653],[140.153745,35.7267443],[140.1537759,35.7267868],[140.1536726,35.7269392],[140.1534567,35.727207],[140.1531992,35.7275641],[140.1529296,35.7278875],[140.1528626,35.7279473],[140.1528143,35.7279811],[140.1527432,35.7280235],[140.1526695,35.728054],[140.1525769,35.7280802],[140.1524898,35.7280965],[140.1523999,35.7280976],[140.1522899,35.7280834],[140.1521786,35.7280573],[140.1512921,35.7277971],[140.1511527,35.7277383],[140.1510199,35.7276577],[140.1509059,35.7275772],[140.1508093,35.7274716]]]},"properties":{"osmType":"way","osmId":402411083,"center":[140.1522926,35.72717815],"name":"イオンタウンユーカリが丘","nameEn":"","shop":"mall","brand":"","branch":"","address":"","postcode":"","openingHours":"","phone":"","website":"","wheelchair":"","buildingLevels":null,"areaSqm":31124}},{"type":"Feature","id":"way/409536338","geometry":{"type":"Polygon","coordinates":[[[139.9468757,35.8432623],[139.9468062,35.8430104],[139.9468034,35.8429723],[139.9468235,35.8427004],[139.9467886,35.8422403],[139.9467601,35.8420818],[139.9477166,35.8420849],[139.9476895,35.8427969],[139.9476854,35.8428203],[139.9475355,35.8433613],[139.9475269,35.8433924],[139.9471015,35.8433689],[139.9468757,35.8432623]]]},"properties":{"osmType":"way","osmId":409536338,"center":[139.94723835000002,35.8427371],"name":"アクロスプラザ流山","nameEn":"","shop":"mall","brand":"","branch":"","address":"流山市向小金一丁目2411","postcode":"","openingHours":"","phone":"","website":"","wheelchair":"","buildingLevels":null,"areaSqm":10861}},{"type":"Feature","id":"way/418639959","geometry":{"type":"Polygon","coordinates":[[[139.9699483,35.8813823],[139.9695255,35.8816632],[139.9695591,35.8817002],[139.9693778,35.8818189],[139.9692669,35.881805],[139.9692348,35.881826],[139.9692457,35.8818369],[139.9688843,35.8820735],[139.9688593,35.8820484],[139.9687881,35.881977],[139.968635,35.8820772],[139.9684998,35.8821657],[139.968571,35.8822371],[139.9687062,35.8821486],[139.9688919,35.8823347],[139.9687908,35.8825654],[139.9687754,35.8825607],[139.9687702,35.8825721],[139.9687622,35.8825697],[139.9687441,35.8825862],[139.9687325,35.8826112],[139.9687312,35.8826367],[139.9687392,35.8826392],[139.9687325,35.8826536],[139.9687498,35.8826588],[139.9687304,35.8827033],[139.9687238,35.8827014],[139.9684252,35.8833827],[139.9684648,35.883394],[139.9684355,35.8834609],[139.968945,35.8836075],[139.9689102,35.8836869],[139.9691365,35.8837521],[139.969106,35.8838217],[139.9696348,35.8839738],[139.9696381,35.8839663],[139.9697263,35.8839917],[139.9699717,35.8834318],[139.969928,35.8833385],[139.9699429,35.8833045],[139.9692414,35.8831026],[139.969316,35.8829326],[139.9693333,35.8829377],[139.9693392,35.8829248],[139.9693444,35.8829263],[139.9693665,35.8829073],[139.9693782,35.8828816],[139.9693757,35.8828571],[139.9693705,35.8828556],[139.9693759,35.8828435],[139.9693574,35.882838],[139.9694357,35.8826594],[139.9694452,35.8826603],[139.9694767,35.8826594],[139.9695076,35.8826545],[139.9695371,35.8826456],[139.9695645,35.8826329],[139.969589,35.8826169],[139.96961,35.8825979],[139.969627,35.8825764],[139.9696395,35.8825529],[139.9696472,35.8825282],[139.9696499,35.8825028],[139.9696475,35.8824773],[139.9696401,35.8824525],[139.9696279,35.882429],[139.9696113,35.8824073],[139.9695904,35.8823881],[139.9696015,35.8823707],[139.9696548,35.8824242],[139.9700338,35.8821761],[139.9704578,35.8818984],[139.9699483,35.8813823]]]},"properties":{"osmType":"way","osmId":418639959,"center":[139.96944150000002,35.882687000000004],"name":"モラージュ柏","nameEn":"","shop":"mall","brand":"","branch":"","address":"","postcode":"","openingHours":"","phone":"","website":"","wheelchair":"","buildingLevels":null,"areaSqm":23642}},{"type":"Feature","id":"way/447222370","geometry":{"type":"Polygon","coordinates":[[[140.1183615,35.7226161],[140.1183025,35.7222337],[140.1183418,35.7222254],[140.11836,35.7222182],[140.1183748,35.7222007],[140.1183762,35.7221788],[140.1183309,35.7218851],[140.1183255,35.7218695],[140.1183131,35.721854],[140.118297,35.7218414],[140.1182759,35.7218378],[140.1178263,35.7218834],[140.1177277,35.7218935],[140.1174939,35.7219172],[140.1173904,35.7219278],[140.1170322,35.7219642],[140.1169264,35.7219749],[140.1167956,35.7219882],[140.1167799,35.7219964],[140.1167567,35.7220216],[140.1167541,35.7220388],[140.1168166,35.722449],[140.116854,35.7226823],[140.116881,35.7228619],[140.1168895,35.7228861],[140.116906,35.7228964],[140.1169244,35.7229046],[140.1174347,35.7228534],[140.1177353,35.7228254],[140.1179146,35.7228069],[140.1178989,35.7227052],[140.1182554,35.722669],[140.1182701,35.7226592],[140.1182742,35.7226444],[140.1182757,35.7226248],[140.1183615,35.7226161]]]},"properties":{"osmType":"way","osmId":447222370,"center":[140.11756515000002,35.7223712],"name":"フルルガーデン八千代","nameEn":"Fululu Garden Yachiyo","shop":"department_store","brand":"","branch":"","address":"千葉県八千代市村上南一丁目41","postcode":"","openingHours":"","phone":"","website":"","wheelchair":"","buildingLevels":null,"areaSqm":13779}},{"type":"Feature","id":"way/494121490","geometry":{"type":"Polygon","coordinates":[[[140.0683616,35.6976913],[140.0700828,35.6977973],[140.070122,35.697373],[140.0702374,35.6973796],[140.0702874,35.6969735],[140.0695056,35.6969246],[140.0693661,35.6969147],[140.0683964,35.6970841],[140.0684139,35.6971914],[140.0684099,35.6973439],[140.0683616,35.6976913]]]},"properties":{"osmType":"way","osmId":494121490,"center":[140.0693245,35.697356],"name":"名称未登録","nameEn":"","shop":"mall","brand":"","branch":"","address":"","postcode":"","openingHours":"","phone":"","website":"","wheelchair":"","buildingLevels":null,"areaSqm":13931}},{"type":"Feature","id":"way/494121491","geometry":{"type":"Polygon","coordinates":[[[140.0680282,35.6988962],[140.0665168,35.6987762],[140.0663216,35.7006941],[140.0677981,35.7008052],[140.0680282,35.6988962]]]},"properties":{"osmType":"way","osmId":494121491,"center":[140.0671749,35.699790699999994],"name":"イオンタウン東習志野","nameEn":"","shop":"mall","brand":"","branch":"","address":"","postcode":"","openingHours":"","phone":"","website":"","wheelchair":"","buildingLevels":null,"areaSqm":29014}},{"type":"Feature","id":"way/494121492","geometry":{"type":"Polygon","coordinates":[[[140.0677963,35.7008595],[140.0647872,35.7006617],[140.0646996,35.7015509],[140.067648,35.7017558],[140.067696,35.7017229],[140.0677963,35.7008595]]]},"properties":{"osmType":"way","osmId":494121492,"center":[140.06624795,35.70120875],"name":"ロイヤルホームセンター習志野店","nameEn":"","shop":"mall","brand":"","branch":"","address":"","postcode":"","openingHours":"","phone":"","website":"","wheelchair":"","buildingLevels":null,"areaSqm":27192}},{"type":"Feature","id":"way/498496982","geometry":{"type":"Polygon","coordinates":[[[139.8473245,35.9546043],[139.8457727,35.9540296],[139.8459481,35.9537233],[139.8460864,35.95348],[139.8464037,35.9534317],[139.8465865,35.9535038],[139.8465463,35.9535728],[139.8468443,35.9536826],[139.8473417,35.9539587],[139.8477144,35.9541043],[139.8476501,35.9542076],[139.8475937,35.9541872],[139.8475612,35.9541742],[139.8473245,35.9546043]]]},"properties":{"osmType":"way","osmId":498496982,"center":[139.84674354999999,35.954018000000005],"name":"ベイシア","nameEn":"Beisia","shop":"mall","brand":"ベイシア","branch":"","address":"","postcode":"","openingHours":"","phone":"","website":"","wheelchair":"","buildingLevels":null,"areaSqm":11311}},{"type":"Feature","id":"way/537071661","geometry":{"type":"Polygon","coordinates":[[[140.0408127,35.6460147],[140.0413191,35.6464816],[140.0419058,35.64608],[140.0420078,35.6461895],[140.0422997,35.646449],[140.0424691,35.6465781],[140.0426559,35.6466932],[140.0419514,35.6472299],[140.042225,35.6474998],[140.042452,35.647746],[140.0417931,35.6481762],[140.0405909,35.647085],[140.0406493,35.6470467],[140.0405519,35.646966],[140.0401255,35.646613],[140.0401315,35.6465034],[140.0408127,35.6460147]]]},"properties":{"osmType":"way","osmId":537071661,"center":[140.0413907,35.64709545],"name":"三井アウトレットパーク 幕張","nameEn":"Mitsui Outlet Park Makuhari","shop":"mall","brand":"","branch":"","address":"千葉県千葉市美浜区ひび野二丁目61","postcode":"261-0021","openingHours":"Mo-Su 10:00-20:00","phone":"+81-43-212-8200","website":"","wheelchair":"","buildingLevels":null,"areaSqm":27970}},{"type":"Feature","id":"way/552767878","geometry":{"type":"Polygon","coordinates":[[[139.9066568,35.3680337],[139.9076724,35.3684553],[139.9079551,35.3680024],[139.9080264,35.3678882],[139.9080955,35.3677776],[139.9082927,35.3674617],[139.9085291,35.3670831],[139.9084287,35.3670414],[139.9075135,35.3666615],[139.9066568,35.3680337]]]},"properties":{"osmType":"way","osmId":552767878,"center":[139.90759295,35.3675584],"name":"イオンスタイル木更津","nameEn":"","shop":"mall","brand":"","branch":"","address":"","postcode":"","openingHours":"","phone":"","website":"","wheelchair":"","buildingLevels":2,"areaSqm":17732}},{"type":"Feature","id":"way/552767879","geometry":{"type":"Polygon","coordinates":[[[139.9084287,35.3670414],[139.9086471,35.3666639],[139.9091284,35.3659139],[139.9088319,35.3657867],[139.9088172,35.3656875],[139.9087992,35.3655658],[139.9091214,35.3655277],[139.9090011,35.3648927],[139.9088296,35.3649076],[139.9085553,35.3649315],[139.9085379,35.364933],[139.9084708,35.3645744],[139.9084685,35.3645561],[139.9085872,35.3645356],[139.9084877,35.3639388],[139.9084655,35.3638055],[139.907929,35.363865],[139.9078875,35.3636159],[139.9072134,35.3636906],[139.9073423,35.3644643],[139.9075816,35.3644378],[139.9075878,35.3644753],[139.9075938,35.3645114],[139.9075123,35.3645417],[139.907555,35.3648381],[139.9079693,35.3647983],[139.9080534,35.365382],[139.9079422,35.3653699],[139.9079959,35.3656942],[139.9081198,35.3656806],[139.9081304,35.3657447],[139.9081424,35.3658172],[139.9079003,35.3659526],[139.9078045,35.3661027],[139.9081384,35.3662532],[139.9080169,35.3664512],[139.9077531,35.3663388],[139.9075135,35.3666615],[139.9084287,35.3670414]]]},"properties":{"osmType":"way","osmId":552767879,"center":[139.9081709,35.365328649999995],"name":"イオン","nameEn":"AEON","shop":"mall","brand":"イオン","branch":"木更津","address":"千葉県木更津市築地14","postcode":"292-0835","openingHours":"","phone":"","website":"https://kisarazu-aeonmall.com/","wheelchair":"yes","buildingLevels":null,"areaSqm":32991}},{"type":"Feature","id":"way/552767889","geometry":{"type":"Polygon","coordinates":[[[139.924661,35.3816084],[139.9251935,35.3815711],[139.9251694,35.3812741],[139.9251408,35.3809225],[139.9250541,35.3808702],[139.9249697,35.3808194],[139.9246492,35.3808291],[139.9246519,35.3808718],[139.9246543,35.3809104],[139.9245748,35.3809204],[139.924661,35.3816084]]]},"properties":{"osmType":"way","osmId":552767889,"center":[139.92488415,35.3812139],"name":"スパークルシティ木更津","nameEn":"SPARKLE CITY KISARAZU","shop":"mall","brand":"","branch":"","address":"","postcode":"","openingHours":"","phone":"","website":"","wheelchair":"","buildingLevels":9,"areaSqm":4125}},{"type":"Feature","id":"way/562198716","geometry":{"type":"Polygon","coordinates":[[[140.3654328,35.5585414],[140.3652748,35.5586454],[140.3653155,35.5586856],[140.3652119,35.5587559],[140.3651681,35.558716],[140.3647201,35.5590222],[140.3647329,35.5590381],[140.3646014,35.55913],[140.3646197,35.5591518],[140.3646162,35.5591805],[140.364588,35.5591991],[140.3645502,35.5591911],[140.3645267,35.5591683],[140.3644543,35.5592109],[140.3640761,35.5589377],[140.3637179,35.5587309],[140.3638041,35.5586391],[140.3642026,35.5583578],[140.3642609,35.5584057],[140.3648198,35.5580168],[140.3648333,35.5579612],[140.3647911,35.5579077],[140.3647268,35.557891],[140.3647409,35.5578472],[140.364755,35.557803],[140.3648546,35.5578459],[140.3649093,35.5579089],[140.3649293,35.5579785],[140.3649138,35.5580475],[140.3650906,35.5582175],[140.3651441,35.5581768],[140.3653696,35.5584001],[140.3653188,35.5584368],[140.3654328,35.5585414]]]},"properties":{"osmType":"way","osmId":562198716,"center":[140.36457535,35.558506949999995],"name":"サンピア","nameEn":"Sunpia","shop":"mall","brand":"","branch":"","address":"千葉県東金市東岩崎810","postcode":"283-0068","openingHours":"","phone":"0475-54-3511","website":"https://www.sunpia.co.jp/","wheelchair":"","buildingLevels":2,"areaSqm":10711}},{"type":"Feature","id":"way/574456095","geometry":{"type":"Polygon","coordinates":[[[140.314274,35.5193954],[140.3143009,35.5194206],[140.3147298,35.5194822],[140.314731,35.5195136],[140.3147418,35.5195225],[140.3147716,35.5195227],[140.3147815,35.5195089],[140.3147837,35.5194897],[140.3149027,35.5195039],[140.3149038,35.519529],[140.3149187,35.5195409],[140.3151878,35.5195682],[140.3152092,35.519537],[140.3153088,35.5189943],[140.3151325,35.5189588],[140.3150498,35.5188636],[140.3148086,35.5188358],[140.3147685,35.5188311],[140.3143857,35.5187871],[140.3143671,35.5188865],[140.3143322,35.5188879],[140.3142864,35.5190656],[140.3143286,35.5190742],[140.3143122,35.5191305],[140.3142701,35.5191287],[140.3142634,35.5192202],[140.3142936,35.5192372],[140.3143019,35.5192631],[140.314274,35.5193954]]]},"properties":{"osmType":"way","osmId":574456095,"center":[140.3147861,35.51917765],"name":"大網白里アミリィ","nameEn":"","shop":"mall","brand":"","branch":"","address":"千葉県大網白里市みやこ野112","postcode":"299-3236","openingHours":"","phone":"0475-73-7600","website":"https://www.aeon.com/store/%E3%82%A4%E3%82%AA%E3%83%B3/%E3%82%A4%E3%82%AA%E3%83%B3%E5%A4%A7%E7%B6%B2%E7%99%BD%E9%87%8C%E5%BA%97/shop_info/hours/","wheelchair":"","buildingLevels":null,"areaSqm":6230}},{"type":"Feature","id":"way/591292576","geometry":{"type":"Polygon","coordinates":[[[139.9259531,35.8178552],[139.9258579,35.8178378],[139.9254476,35.8173506],[139.9254207,35.8173658],[139.9253644,35.8172984],[139.9253926,35.8172799],[139.925233,35.8170918],[139.9255253,35.8169276],[139.9255079,35.8169026],[139.9255884,35.8168602],[139.9255951,35.8168678],[139.9256957,35.8168134],[139.9257064,35.8168265],[139.9257667,35.8167949],[139.9259612,35.8170276],[139.9260095,35.8170483],[139.926047,35.8170918],[139.9260551,35.8171212],[139.9260738,35.8171451],[139.9260752,35.8171668],[139.9260819,35.8171766],[139.9261168,35.8171951],[139.9261758,35.8172701],[139.9261945,35.8173017],[139.9263515,35.8174942],[139.9264266,35.817455],[139.9264628,35.8175007],[139.9264453,35.8175768],[139.9259531,35.8178552]]]},"properties":{"osmType":"way","osmId":591292576,"center":[139.9258479,35.817325049999994],"name":"プチモールふたつぎ","nameEn":"Petite mall Futatsugi","shop":"mall","brand":"","branch":"","address":"","postcode":"","openingHours":"","phone":"","website":"","wheelchair":"","buildingLevels":null,"areaSqm":6418}},{"type":"Feature","id":"way/611530850","geometry":{"type":"Polygon","coordinates":[[[139.9332075,35.8189759],[139.9320488,35.8177014],[139.9327435,35.8173012],[139.9323044,35.816775],[139.9331058,35.8163322],[139.9337824,35.817055],[139.9342804,35.8168445],[139.9345495,35.8165899],[139.935481,35.8175203],[139.9332075,35.8189759]]]},"properties":{"osmType":"way","osmId":611530850,"center":[139.9337649,35.81765405],"name":"テラスモール松戸","nameEn":"Terrace Mall Matsudo","shop":"mall","brand":"","branch":"","address":"","postcode":"","openingHours":"","phone":"","website":"","wheelchair":"","buildingLevels":null,"areaSqm":46946}},{"type":"Feature","id":"way/621990025","geometry":{"type":"Polygon","coordinates":[[[139.9709944,35.8609121],[139.970721,35.8606102],[139.9707033,35.8606079],[139.9706455,35.8606403],[139.9706306,35.8606281],[139.970615,35.8606334],[139.9706208,35.8606428],[139.9706064,35.8606521],[139.9705974,35.8606468],[139.9705609,35.8606691],[139.9705415,35.8606823],[139.9705357,35.8606777],[139.9705095,35.8606918],[139.9705337,35.8607158],[139.9705131,35.8607298],[139.9706943,35.860921],[139.9707623,35.8609927],[139.9708381,35.8609504],[139.970936,35.8609502],[139.9709552,35.8609377],[139.9709944,35.8609121]]]},"properties":{"osmType":"way","osmId":621990025,"center":[139.97075195,35.860800299999994],"name":"柏マルイ","nameEn":"Kashiwa Marui","shop":"department_store","brand":"マルイ","branch":"柏","address":"千葉県柏市柏1111","postcode":"","openingHours":"10:30-20:00","phone":"","website":"https://www.0101.co.jp/076/","wheelchair":"","buildingLevels":null,"areaSqm":935}},{"type":"Feature","id":"way/623965593","geometry":{"type":"Polygon","coordinates":[[[139.981856,35.7969759],[139.9817208,35.7969923],[139.9812538,35.7970488],[139.9812417,35.7969825],[139.9812082,35.7969857],[139.9811868,35.7968748],[139.9812189,35.7968704],[139.9811452,35.7964668],[139.9811049,35.7964701],[139.9810862,35.796357],[139.981121,35.7963537],[139.9811103,35.7962874],[139.9813356,35.796258],[139.9813329,35.7962449],[139.981294,35.7962482],[139.9812028,35.7957511],[139.9813021,35.7957391],[139.9813155,35.7958098],[139.9814188,35.795799],[139.9814992,35.7962362],[139.9815209,35.7962331],[139.9815448,35.7962297],[139.9815448,35.7962167],[139.9817111,35.7961971],[139.981856,35.7969759]]]},"properties":{"osmType":"way","osmId":623965593,"center":[139.9814711,35.796393949999995],"name":"名称未登録","nameEn":"","shop":"mall","brand":"","branch":"","address":"","postcode":"","openingHours":"","phone":"","website":"","wheelchair":"","buildingLevels":null,"areaSqm":5826}},{"type":"Feature","id":"way/624764354","geometry":{"type":"Polygon","coordinates":[[[140.0117183,35.8346173],[140.0112784,35.8338866],[140.0120831,35.8335757],[140.0121651,35.8335435],[140.0123432,35.8334699],[140.0124237,35.8332995],[140.0124641,35.8331863],[140.0125901,35.8332344],[140.0125995,35.8332209],[140.0126105,35.8332118],[140.0125986,35.8332043],[140.0126887,35.8331058],[140.0127066,35.8330776],[140.012563,35.8329841],[140.0126751,35.8328768],[140.0126302,35.8328385],[140.0127509,35.8327319],[140.0127,35.8326993],[140.0128502,35.8325732],[140.012877,35.8325884],[140.0130486,35.8324471],[140.0130138,35.8322883],[140.0130862,35.8322905],[140.013046,35.8318882],[140.013738,35.8318317],[140.0137686,35.8320805],[140.0138222,35.8320704],[140.0138319,35.832234],[140.0138774,35.832234],[140.0139096,35.832434],[140.013966,35.832434],[140.0139686,35.832558],[140.0139284,35.832558],[140.0139365,35.8326384],[140.0138292,35.8326428],[140.0139391,35.8334474],[140.0134644,35.8334909],[140.0134054,35.83358],[140.0137755,35.8338301],[140.0140196,35.8342693],[140.0133866,35.8345085],[140.0133061,35.8343628],[140.0131184,35.8344281],[140.0130245,35.8342476],[140.0125658,35.8344194],[140.0125471,35.8343802],[140.012362,35.834452],[140.0123915,35.8344868],[140.0122064,35.8345542],[140.0121447,35.8344476],[140.0117183,35.8346173]]]},"properties":{"osmType":"way","osmId":624764354,"center":[140.012649,35.8332245],"name":"セブンパーク アリオ柏","nameEn":"Seven Park Ario Kashiwa","shop":"mall","brand":"","branch":"","address":"千葉県柏市大島田161","postcode":"277-0922","openingHours":"Mo-Su 10:00-21:00","phone":"04-7190-1111","website":"http://sevenpark-ario-kashiwa.jp","wheelchair":"","buildingLevels":3,"areaSqm":38314}},{"type":"Feature","id":"way/646663887","geometry":{"type":"Polygon","coordinates":[[[139.8447489,35.3301208],[139.84509,35.3308984],[139.8457215,35.3307141],[139.8456998,35.3306646],[139.8464603,35.3304426],[139.8464794,35.3304861],[139.8465753,35.3304581],[139.8465593,35.3304217],[139.8466939,35.3303824],[139.8467741,35.3305651],[139.847243,35.3304282],[139.8472341,35.3304078],[139.8474131,35.3303556],[139.8472672,35.3300229],[139.8473328,35.3300038],[139.8472931,35.3299132],[139.8472452,35.3299272],[139.8470989,35.3295938],[139.8467296,35.3297016],[139.846712,35.3296615],[139.8465623,35.3297052],[139.846518,35.3297182],[139.8465151,35.3297116],[139.8464766,35.3297229],[139.846425,35.3297379],[139.8464816,35.3298669],[139.8464268,35.3298829],[139.8464387,35.32991],[139.8462443,35.3299667],[139.846267,35.3300184],[139.845902,35.330125],[139.8458001,35.3298927],[139.8457007,35.3299217],[139.8457108,35.3299448],[139.8454314,35.3300264],[139.8453906,35.3299334],[139.8447489,35.3301208]]]},"properties":{"osmType":"way","osmId":646663887,"center":[139.84608100000003,35.3302461],"name":"イオンモール富津","nameEn":"","shop":"mall","brand":"","branch":"","address":"千葉県富津市青木1丁目51","postcode":"293-0012","openingHours":"","phone":"0439-80-1700","website":"https://futtsu-aeonmall.com/","wheelchair":"","buildingLevels":null,"areaSqm":17553}},{"type":"Feature","id":"way/682951097","geometry":{"type":"Polygon","coordinates":[[[140.1185807,35.652229],[140.1206315,35.6515253],[140.1203739,35.6509873],[140.1202646,35.6508723],[140.1202229,35.650839],[140.1201896,35.6507547],[140.1198482,35.6501344],[140.1184252,35.6505837],[140.1185807,35.652229]]]},"properties":{"osmType":"way","osmId":682951097,"center":[140.11952835,35.651181699999995],"name":"O2 Park","nameEn":"","shop":"mall","brand":"","branch":"","address":"","postcode":"","openingHours":"","phone":"","website":"","wheelchair":"","buildingLevels":null,"areaSqm":29385}},{"type":"Feature","id":"way/695894961","geometry":{"type":"Polygon","coordinates":[[[140.024498,35.6575849],[140.0233687,35.6563603],[140.0233801,35.6562836],[140.0257183,35.6546798],[140.0258303,35.6546854],[140.0258318,35.6547422],[140.0262731,35.6551859],[140.0262693,35.6553614],[140.0265061,35.6555702],[140.0266836,35.655572],[140.0273061,35.6562052],[140.0291969,35.6548315],[140.0313566,35.653414],[140.0313655,35.6533657],[140.0304713,35.6524563],[140.0304913,35.6522688],[140.0321875,35.6511614],[140.0325872,35.651184],[140.0340798,35.6526018],[140.0340862,35.6527112],[140.0336152,35.6530562],[140.0327604,35.653797],[140.0303445,35.6554757],[140.0299908,35.6555571],[140.0297427,35.6557031],[140.0298889,35.6558524],[140.0285959,35.6567094],[140.0280524,35.6561681],[140.0250363,35.6582084],[140.024498,35.6575849]]]},"properties":{"osmType":"way","osmId":695894961,"center":[140.02872745,35.6546849],"name":"イオンモール幕張新都心","nameEn":"AEON MALL Makuhari New City","shop":"mall","brand":"","branch":"","address":"","postcode":"","openingHours":"","phone":"","website":"","wheelchair":"","buildingLevels":null,"areaSqm":189748}},{"type":"Feature","id":"way/708347695","geometry":{"type":"Polygon","coordinates":[[[140.3230754,35.7781455],[140.3221059,35.7784876],[140.321746,35.7778354],[140.3223674,35.7776096],[140.3223941,35.777658],[140.3231093,35.7774064],[140.3233615,35.7778546],[140.3238255,35.7776773],[140.3241312,35.7780973],[140.3232713,35.7785094],[140.3232493,35.7784685],[140.3230754,35.7781455]]]},"properties":{"osmType":"way","osmId":708347695,"center":[140.3229386,35.7779579],"name":"Aeon Town","nameEn":"Aeon Town","shop":"mall","brand":"","branch":"成田富里","address":"","postcode":"","openingHours":"","phone":"","website":"https://www.aeontown.co.jp/naritatomisato/","wheelchair":"","buildingLevels":2,"areaSqm":14508}},{"type":"Feature","id":"way/742079118","geometry":{"type":"Polygon","coordinates":[[[140.65872,35.7244561],[140.6588139,35.7244888],[140.6588648,35.7244104],[140.6589506,35.7244387],[140.6589775,35.7244039],[140.6591786,35.7243864],[140.6593798,35.7244126],[140.6596319,35.7244735],[140.6596802,35.7243886],[140.6597446,35.7244126],[140.6597285,35.7244387],[140.6598331,35.7244627],[140.6598733,35.7244801],[140.6599377,35.7243908],[140.6603508,35.7245127],[140.6601094,35.7249809],[140.6602703,35.7250266],[140.660112,35.7253685],[140.6597231,35.7252574],[140.6596319,35.7254186],[140.6596668,35.7254316],[140.6596078,35.725571],[140.658323,35.725301],[140.65872,35.7244561]]]},"properties":{"osmType":"way","osmId":742079118,"center":[140.6593369,35.7249787],"name":"サンモール","nameEn":"Sunmall","shop":"mall","brand":"","branch":"","address":"千葉県旭市イ26761","postcode":"289-2511","openingHours":"10:00-20:00","phone":"0479-63-9201","website":"https://www.sunmall.jp/","wheelchair":"","buildingLevels":4,"areaSqm":16790}},{"type":"Feature","id":"way/743179774","geometry":{"type":"Polygon","coordinates":[[[140.2915599,35.7777338],[140.2914515,35.77773],[140.2914503,35.7777795],[140.2913919,35.7778002],[140.2908327,35.7777851],[140.2908356,35.7777131],[140.2909391,35.7777159],[140.290944,35.7775979],[140.2910491,35.7775528],[140.2910509,35.7774807],[140.2915686,35.777489],[140.2915626,35.7776904],[140.2915599,35.7777338]]]},"properties":{"osmType":"way","osmId":743179774,"center":[140.29120065,35.77764045],"name":"そよら成田ニュータウン アネックスA棟","nameEn":"","shop":"mall","brand":"","branch":"","address":"","postcode":"","openingHours":"","phone":"","website":"","wheelchair":"","buildingLevels":4,"areaSqm":1843}},{"type":"Feature","id":"way/746674665","geometry":{"type":"Polygon","coordinates":[[[140.1512424,35.5187309],[140.1514614,35.5189357],[140.1520894,35.5184909],[140.1521281,35.518527],[140.152627,35.5181737],[140.1522009,35.5177751],[140.1515516,35.5182348],[140.1516744,35.5183496],[140.1515895,35.5184097],[140.1516353,35.5184526],[140.1512424,35.5187309]]]},"properties":{"osmType":"way","osmId":746674665,"center":[140.1519347,35.518355400000004],"name":"名称未登録","nameEn":"","shop":"mall","brand":"","branch":"","address":"","postcode":"","openingHours":"","phone":"","website":"","wheelchair":"","buildingLevels":null,"areaSqm":6289}},{"type":"Feature","id":"way/781578660","geometry":{"type":"Polygon","coordinates":[[[140.1163379,35.662909],[140.1158849,35.6631063],[140.1163886,35.6639148],[140.1179734,35.663281],[140.1178997,35.6631413],[140.1180901,35.6630514],[140.1179982,35.6629215],[140.1166853,35.6634449],[140.1163379,35.662909]]]},"properties":{"osmType":"way","osmId":781578660,"center":[140.1169875,35.6634119],"name":"名称未登録","nameEn":"","shop":"mall","brand":"","branch":"","address":"","postcode":"","openingHours":"","phone":"","website":"","wheelchair":"","buildingLevels":null,"areaSqm":9094}},{"type":"Feature","id":"way/849970600","geometry":{"type":"Polygon","coordinates":[[[140.2917412,35.7777413],[140.2917439,35.7776978],[140.291753,35.7775221],[140.2922594,35.7775365],[140.2922531,35.7776826],[140.2923515,35.7777652],[140.2924648,35.7777691],[140.2924529,35.7779947],[140.2918807,35.7779748],[140.2918418,35.7779456],[140.2918504,35.7777464],[140.2917412,35.7777413]]]},"properties":{"osmType":"way","osmId":849970600,"center":[140.292103,35.777758399999996],"name":"そよら成田ニュータウン アネックスB棟","nameEn":"","shop":"mall","brand":"","branch":"","address":"","postcode":"","openingHours":"","phone":"","website":"","wheelchair":"","buildingLevels":4,"areaSqm":2568}},{"type":"Feature","id":"way/911547730","geometry":{"type":"Polygon","coordinates":[[[140.3000657,35.7704389],[140.2999789,35.7704002],[140.3001946,35.7700696],[140.3002884,35.7701048],[140.3000657,35.7704389]]]},"properties":{"osmType":"way","osmId":911547730,"center":[140.30013365000002,35.77025425],"name":"Lidacho Chuo Mall","nameEn":"","shop":"mall","brand":"","branch":"","address":"","postcode":"","openingHours":"","phone":"","website":"","wheelchair":"","buildingLevels":null,"areaSqm":383}},{"type":"Feature","id":"way/1013448270","geometry":{"type":"Polygon","coordinates":[[[140.0090843,35.8761692],[140.0089501,35.8761789],[140.0088376,35.8760995],[140.0080028,35.8760532],[140.0079948,35.876155],[140.0083253,35.8761701],[140.0083964,35.8762294],[140.0084853,35.8768969],[140.0086237,35.8768809],[140.0086247,35.8768842],[140.0085834,35.8768993],[140.0085567,35.8769169],[140.008531,35.876942],[140.0085155,35.8769683],[140.0085144,35.8770008],[140.0085171,35.8770308],[140.0085423,35.8770623],[140.0085757,35.8770861],[140.0086037,35.8770969],[140.0086372,35.8771008],[140.0086701,35.8771018],[140.0087002,35.8770921],[140.0087317,35.8770729],[140.0087518,35.87705],[140.0087647,35.8770211],[140.0087754,35.8769852],[140.0087869,35.8770919],[140.0096056,35.8770221],[140.0096017,35.8769255],[140.0096398,35.876971],[140.009701,35.8769937],[140.009752,35.8769989],[140.0097902,35.8769808],[140.009826,35.8769552],[140.0098566,35.8769114],[140.0098591,35.876875],[140.0098438,35.876695],[140.0098836,35.8766213],[140.0098148,35.8760999],[140.0099399,35.8759321],[140.0098329,35.8758776],[140.0096904,35.8760582],[140.0096758,35.8761175],[140.0096121,35.8761231],[140.009321,35.8759322],[140.0090843,35.8761692]]]},"properties":{"osmType":"way","osmId":1013448270,"center":[140.00896735,35.8764897],"name":"あびこショッピングプラザ","nameEn":"","shop":"mall","brand":"","branch":"","address":"千葉県我孫子市我孫子4111","postcode":"270-1166","openingHours":"","phone":"+81 4-7185-2000","website":"https://abiko-sp.com/","wheelchair":"","buildingLevels":null,"areaSqm":14254}},{"type":"Feature","id":"way/1017114891","geometry":{"type":"Polygon","coordinates":[[[140.2901501,35.7777448],[140.2901819,35.7777485],[140.2901823,35.7778764],[140.290523,35.7778851],[140.2906919,35.77792],[140.2908985,35.7778917],[140.2913571,35.77792],[140.2914242,35.7779635],[140.2914108,35.7783726],[140.2913357,35.778477],[140.2912472,35.7784944],[140.2912096,35.7785206],[140.2898631,35.7784553],[140.2898846,35.7778808],[140.2900777,35.7778634],[140.2900766,35.7777736],[140.2900482,35.7777665],[140.2900652,35.7777224],[140.2901501,35.7777448]]]},"properties":{"osmType":"way","osmId":1017114891,"center":[140.29064365,35.7781215],"name":"そよら成田ニュータウン 本館","nameEn":"","shop":"mall","brand":"","branch":"","address":"千葉県成田市赤坂2110","postcode":"286-8521","openingHours":"","phone":"","website":"https://www.aeon.jp/sc/soyora-naritanewtown/","wheelchair":"","buildingLevels":5,"areaSqm":9313}},{"type":"Feature","id":"way/1158598177","geometry":{"type":"Polygon","coordinates":[[[139.8502655,35.9458681],[139.8502135,35.9458476],[139.8500052,35.9457656],[139.8497367,35.9456599],[139.8497671,35.9455652],[139.8497785,35.9454869],[139.8497779,35.9453907],[139.8497707,35.9453352],[139.849757,35.9452651],[139.8492897,35.9437758],[139.8493019,35.9437504],[139.8494505,35.9436974],[139.8495629,35.943665],[139.8497304,35.9436281],[139.8501442,35.9435416],[139.8501936,35.9435657],[139.8502006,35.9435788],[139.8504703,35.9444494],[139.8506078,35.944886],[139.8506759,35.9451032],[139.8506626,35.9452112],[139.8503599,35.945712],[139.8502655,35.9458681]]]},"properties":{"osmType":"way","osmId":1158598177,"center":[139.84998280000002,35.94470485],"name":"ウニクス野田","nameEn":"","shop":"mall","brand":"","branch":"","address":"","postcode":"","openingHours":"","phone":"","website":"https://www.unicus-sc.jp/noda/","wheelchair":"","buildingLevels":null,"areaSqm":19436}},{"type":"Feature","id":"way/1223118067","geometry":{"type":"Polygon","coordinates":[[[140.2875179,35.4345403],[140.2881357,35.4342007],[140.2881423,35.4342102],[140.2881362,35.4342139],[140.2881748,35.4342628],[140.2881595,35.4342711],[140.2882027,35.4343257],[140.2882236,35.4343146],[140.288283,35.4343837],[140.2882597,35.4343957],[140.2883558,35.4345129],[140.2883686,35.4345285],[140.2883821,35.434545],[140.2884009,35.434568],[140.2884162,35.4345613],[140.2884365,35.4345617],[140.2884841,35.4346177],[140.2885051,35.4346425],[140.2884894,35.4346524],[140.288586,35.4347744],[140.2885987,35.4347976],[140.2886043,35.4348191],[140.2886079,35.4348444],[140.2886083,35.434877],[140.2886062,35.4348893],[140.2886017,35.4349147],[140.2885924,35.4349455],[140.2885716,35.4349829],[140.2885475,35.4350097],[140.2885198,35.4350344],[140.2884873,35.4350566],[140.2884477,35.4350767],[140.288411,35.4350917],[140.2883672,35.4351003],[140.2883208,35.435102],[140.2882734,35.4350973],[140.288234,35.43509],[140.2881947,35.4350762],[140.2881553,35.4350563],[140.2881177,35.4350321],[140.2881,35.4350105],[140.2880867,35.4349917],[140.2880221,35.4350235],[140.2880106,35.4350134],[140.2879213,35.4350602],[140.2878876,35.4350191],[140.2873276,35.4353282],[140.2870955,35.4354563],[140.2871886,35.4355689],[140.2871982,35.4355805],[140.2871286,35.4356199],[140.2867293,35.4351314],[140.286751,35.4350273],[140.2870558,35.4348594],[140.2874086,35.4346652],[140.2874209,35.434674],[140.2874848,35.4346395],[140.2874771,35.4346275],[140.2875507,35.4345885],[140.2875524,35.4345814],[140.2875179,35.4345403]]]},"properties":{"osmType":"way","osmId":1223118067,"center":[140.2876688,35.4349103],"name":"茂原アスモ","nameEn":"","shop":"mall","brand":"","branch":"","address":"","postcode":"","openingHours":"","phone":"","website":"","wheelchair":"","buildingLevels":null,"areaSqm":11300}},{"type":"Feature","id":"way/1255258628","geometry":{"type":"Polygon","coordinates":[[[140.1542035,35.7248803],[140.1541692,35.7248632],[140.154448,35.7245077],[140.1545232,35.7245429],[140.1545028,35.7245699],[140.1546312,35.724634],[140.1546728,35.7245791],[140.1547161,35.7246007],[140.1547257,35.724588],[140.1546876,35.724569],[140.154766,35.7244653],[140.1548611,35.7245127],[140.155118,35.7241726],[140.1551839,35.7242054],[140.155238,35.7241339],[140.155288,35.7241589],[140.1553119,35.7241274],[140.1552763,35.7241096],[140.1553701,35.7239858],[140.1552064,35.7239041],[140.1550439,35.7241186],[140.1549683,35.7240809],[140.1549594,35.7240765],[140.1549847,35.72405],[140.1550081,35.724062],[140.1550722,35.7239919],[140.155018,35.7239619],[140.1552116,35.7237225],[140.1552548,35.7237495],[140.1553005,35.7236905],[140.1555485,35.7238168],[140.1557174,35.7239028],[140.155657,35.7239749],[140.1556841,35.7239919],[140.1554855,35.7242303],[140.155467,35.7242192],[140.1554028,35.7242964],[140.1555077,35.7243514],[140.1554127,35.7244756],[140.1554843,35.7245117],[140.1551031,35.7249617],[140.1550718,35.7249434],[140.1550518,35.7249659],[140.1549938,35.7249321],[140.1549262,35.7250086],[140.1548922,35.7249888],[140.1547651,35.7251325],[140.1545924,35.7253399],[140.154564,35.7253499],[140.1545282,35.7253459],[140.1545085,35.7253339],[140.1544962,35.7253098],[140.1545048,35.7252788],[140.1545307,35.7252498],[140.1544408,35.7252039],[140.1545229,35.7251003],[140.154494,35.7250852],[140.1545238,35.7250476],[140.1542035,35.7248803]]]},"properties":{"osmType":"way","osmId":1255258628,"center":[140.1549433,35.7245202],"name":"スカイプラザ・モール","nameEn":"","shop":"mall","brand":"","branch":"","address":"","postcode":"","openingHours":"","phone":"","website":"","wheelchair":"","buildingLevels":null,"areaSqm":8828}},{"type":"Feature","id":"way/1318923986","geometry":{"type":"Polygon","coordinates":[[[140.1158373,35.8024115],[140.1161236,35.8018135],[140.1156171,35.80165],[140.1154429,35.8017159],[140.115251,35.8021436],[140.1153135,35.8022483],[140.1158373,35.8024115]]]},"properties":{"osmType":"way","osmId":1318923986,"center":[140.1156873,35.80203075],"name":"アポロプラントモール","nameEn":"","shop":"mall","brand":"","branch":"","address":"","postcode":"","openingHours":"","phone":"","website":"","wheelchair":"","buildingLevels":null,"areaSqm":4240}},{"type":"Feature","id":"way/1338593380","geometry":{"type":"Polygon","coordinates":[[[140.1824315,35.5251483],[140.1824959,35.5235155],[140.1816349,35.523021],[140.1803997,35.523223],[140.179819,35.5234227],[140.1798177,35.5243614],[140.1808101,35.5243385],[140.1808691,35.5251636],[140.1824315,35.5251483]]]},"properties":{"osmType":"way","osmId":1338593380,"center":[140.1811568,35.5240923],"name":"もりまち ちはら台モール","nameEn":"","shop":"mall","brand":"","branch":"","address":"","postcode":"","openingHours":"","phone":"","website":"","wheelchair":"","buildingLevels":null,"areaSqm":43639}},{"type":"Feature","id":"relation/11843644","geometry":{"type":"Point","coordinates":[140.2965941,35.759679950000006]},"properties":{"osmType":"relation","osmId":11843644,"center":[140.2965941,35.759679950000006],"name":"ユアエルム 成田店","nameEn":"YourELM Narita","shop":"mall","brand":"","branch":"","address":"","postcode":"","openingHours":"","phone":"","website":"","wheelchair":"","buildingLevels":6,"areaSqm":null}},{"type":"Feature","id":"relation/17281462","geometry":{"type":"Polygon","coordinates":[[[140.1817328,35.7295827],[140.1817553,35.7295674],[140.1817624,35.7295222],[140.1818272,35.729477],[140.1817925,35.7294441],[140.1818243,35.729422],[140.1817858,35.7293855],[140.1820328,35.7292139],[140.1820469,35.7292273],[140.182149,35.7291566],[140.1822098,35.7292144],[140.1822388,35.7291944],[140.1822496,35.7292047],[140.182263,35.7291955],[140.1822771,35.729209],[140.1823252,35.7291762],[140.1831786,35.7299992],[140.1831696,35.7300455],[140.183062,35.7301169],[140.1830309,35.7300861],[140.1828174,35.730228],[140.1828533,35.7302377],[140.1829013,35.7302754],[140.1829216,35.7303238],[140.1829238,35.730329],[140.1829283,35.7303764],[140.1829226,35.7303873],[140.1829005,35.7304294],[140.1828893,35.7304507],[140.1828129,35.7304933],[140.1827439,35.7305006],[140.182669,35.730475],[140.182618,35.7304276],[140.1826045,35.7303837],[140.1826075,35.7303533],[140.1820562,35.72982],[140.1820104,35.7298512],[140.1817328,35.7295827]]]},"properties":{"osmType":"relation","osmId":17281462,"center":[140.1824557,35.729828600000005],"name":"レイクピア","nameEn":"","shop":"mall","brand":"","branch":"","address":"千葉県佐倉市王子台一丁目23","postcode":"285-0837","openingHours":"","phone":"","website":"https://lakepia.or.jp","wheelchair":"","buildingLevels":null,"areaSqm":9160}}]}
